0.000000,0.000000
0.005001,5.300501
0.010003,0.483287
0.015004,2.423027
0.020005,-1.056754
0.025006,0.951150
0.030008,0.999679
0.035009,0.089485
0.040010,-0.264249
0.045011,1.568652
0.050013,0.587277
0.055014,-0.435266
0.060015,1.310191
0.065016,0.751028
0.070018,-0.365145
0.075019,-0.588514
0.080020,1.134443
0.085021,-2.663743
0.090023,-0.969842
0.095024,-6.088071
0.100025,-0.875252
0.105026,4.169386
0.110028,-0.667708
0.115029,1.237457
0.120030,-2.143809
0.125031,0.001479
0.130033,0.257335
0.135034,-0.425033
0.140035,-0.466196
0.145036,1.639452
0.150038,0.951637
0.155039,0.191255
0.160040,2.184163
0.165041,1.765576
0.170043,0.778365
0.175044,0.586187
0.180045,2.275738
0.185046,-1.655271
0.190048,-0.101301
0.195049,-5.498507
0.200050,-0.438998
0.205051,4.201743
0.210053,-0.875387
0.215054,0.714478
0.220055,-2.889539
0.225056,-0.950475
0.230058,-0.830275
0.235059,-1.606222
0.240060,-1.614206
0.245061,0.543992
0.250063,0.003139
0.255064,-0.559137
0.260065,1.703420
0.265066,1.533081
0.270068,0.860764
0.275069,0.952573
0.280070,2.911819
0.285071,-0.816234
0.290073,0.943076
0.295074,-4.397553
0.300075,0.810933
0.305076,5.298986
0.310078,0.167075
0.315079,1.547061
0.320080,-2.258410
0.325081,-0.591701
0.330083,-0.755209
0.335084,-1.846002
0.340085,-2.101164
0.345086,-0.212597
0.350088,-0.949698
0.355089,-1.656789
0.360090,0.554012
0.365091,0.352872
0.370093,-0.224167
0.375094,0.005561
0.380095,2.170488
0.385096,-1.331111
0.390098,0.740979
0.395099,-4.355910
0.400100,1.254150
0.405101,5.892945
0.410103,1.042276
0.415104,2.557699
0.420105,-1.114022
0.425106,0.582407
0.430108,0.386477
0.435109,-0.835040
0.440110,-1.231806
0.445111,0.407183
0.450113,-0.592373
0.455114,-1.592827
0.460115,0.344324
0.465116,-0.168256
0.470118,-0.972245
0.475119,-0.947829
0.480120,1.079425
0.485121,-2.516149
0.490123,-0.410771
0.495124,-5.482328
0.500125,0.383143
0.505126,5.109289
0.510128,0.563993
0.515129,2.322878
0.520130,-1.027712
0.525131,0.951483
0.530133,1.027245
0.535134,0.010507
0.540135,-0.181894
0.545136,1.541892
0.550138,0.582140
0.555139,-0.460759
0.560140,1.386182
0.565141,0.667266
0.570143,-0.344022
0.575144,-0.591606
0.580145,1.148427
0.585146,-2.762653
0.590148,-0.905720
0.595149,-6.273561
0.600150,-0.496588
0.605151,3.973740
0.610153,-0.586342
0.615154,1.136922
0.620155,-2.110780
0.625156,0.005611
0.630158,0.290610
0.635159,-0.497309
0.640160,-0.376166
0.645161,1.619575
0.650163,0.953486
0.655164,0.172527
0.660165,2.264662
0.665166,1.685434
0.670168,0.801214
0.675169,0.583683
0.680170,2.286522
0.685171,-1.756290
0.690173,-0.044012
0.695174,-5.688200
0.700175,-0.067583
0.705176,3.997029
0.710178,-0.799738
0.715179,0.605962
0.720180,-2.860945
0.725181,-0.951206
0.730183,-0.799688
0.735184,-1.679357
0.740185,-1.522807
0.745186,0.526400
0.750188,0.009329
0.755189,-0.571591
0.760190,1.790080
0.765191,1.460305
0.770193,0.890890
0.775194,0.957706
0.780195,2.927471
0.785196,-0.910737
0.790198,1.002101
0.795199,-4.583362
0.800200,1.182028
0.805201,5.090738
0.810203,0.240624
0.815204,1.432159
0.820205,-2.234859
0.825206,-0.600013
0.830208,-0.732013
0.835209,-1.926338
0.840210,-2.016034
0.845211,-0.236304
0.850213,-0.947843
0.855214,-1.671343
0.860215,0.639249
0.865216,0.281196
0.870218,-0.191371
0.875219,0.015714
0.880220,2.190509
0.885221,-1.417396
0.890223,0.805459
0.895224,-4.532221
0.900225,1.631923
0.905226,5.689292
0.910228,1.122304
0.915229,2.445028
0.920230,-1.087490
0.925231,0.573500
0.930233,0.407750
0.935234,-0.918927
0.940235,-1.151399
0.945236,0.376760
0.950238,-0.597603
0.955239,-1.614173
0.960240,0.421758
0.965241,-0.246448
0.970243,-0.945203
0.975244,-0.941318
0.980245,1.095424
0.985246,-2.601765
0.990248,-0.347136
0.995249,-5.653685
1.000250,0.764926
1.005251,4.909802
1.010253,0.652165
1.015254,2.216215
1.020255,-0.992630
1.025256,0.949047
1.030258,1.054673
1.035259,-0.068306
1.040260,-0.097633
1.045261,1.512797
1.050263,0.576788
1.055264,-0.483421
1.060265,1.459419
1.065266,0.584120
1.070268,-0.323368
1.075269,-0.591486
1.080270,1.155680
1.085271,-2.853955
1.090273,-0.850591
1.095274,-6.448339
1.100275,-0.119519
1.105276,3.770088
1.110278,-0.497614
1.115279,1.030027
1.120280,-2.071737
1.125281,0.007058
1.130283,0.323721
1.135284,-0.569323
1.140285,-0.284296
1.145286,1.597412
1.150288,0.955071
1.155289,0.156652
1.160290,2.342301
1.165291,1.605940
1.170293,0.823498
1.175294,0.584382
1.180295,2.290476
1.185296,-1.849653
1.190298,0.004120
1.195299,-5.866994
1.200300,0.301952
1.205301,3.784534
1.210303,-0.716868
1.215304,0.491213
1.220305,-2.826376
1.225306,-0.954538
1.230308,-0.769278
1.235309,-1.752108
1.240310,-1.429597
1.245311,0.506616
1.250313,0.015258
1.255314,-0.581116
1.260315,1.873830
1.265316,1.388259
1.270318,0.920399
1.275319,0.966063
1.280320,2.936212
1.285321,-0.997529
1.290323,1.051799
1.295324,-4.758107
1.300325,1.550928
1.305326,4.874890
1.310328,0.321201
1.315329,1.311100
1.320330,-2.205430
1.325331,-0.610894
1.330333,-0.709050
1.335334,-2.006204
1.340335,-1.929149
1.345336,-0.262124
1.350338,-0.946247
1.355339,-1.682878
1.360340,0.721551
1.365341,0.210367
1.370343,-0.159200
1.375344,0.029164
1.380345,2.203596
1.385346,-1.495866
1.390348,0.860491
1.395349,-4.697263
1.400350,2.007214
1.405351,5.478241
1.410353,1.209173
1.415354,2.326268
1.420355,-1.055196
1.425356,0.562024
1.430358,0.428689
1.435359,-1.002310
1.440360,-1.069347
1.445361,0.344253
1.450363,-0.603138
1.455364,-1.632457
1.460365,0.496196
1.465366,-0.323701
1.470368,-0.918806
1.475369,-0.931438
1.480370,1.104480
1.485371,-2.679432
1.490373,-0.293027
1.495374,-5.813521
1.500375,1.143996
1.505376,4.703175
1.510378,0.747043
1.515379,2.103584
1.520380,-0.951863
1.525381,0.944077
1.530383,1.081686
1.535384,-0.146572
1.540385,-0.011843
1.545386,1.481625
1.550388,0.571050
1.555389,-0.503020
1.560390,1.529552
1.565391,0.501951
1.570393,-0.303432
1.575394,-0.587975
1.580395,1.155938
1.585396,-2.937217
1.590398,-0.805093
1.595399,-6.611361
1.600400,0.254606
1.605401,3.559568
1.610403,-0.402288
1.615404,0.917322
1.620405,-2.027041
1.625406,0.006055
1.630408,0.356391
1.635409,-0.640695
1.640410,-0.190967
1.645411,1.573220
1.650413,0.956220
1.655414,0.143860
1.660415,2.416733
1.665416,1.527452
1.670418,0.844971
1.675419,0.588457
1.680420,2.287340
1.685421,-1.934934
1.690423,0.042465
1.695424,-6.033852
1.700425,0.668259
1.705426,3.565397
1.710428,-0.627548
1.715429,0.370789
1.720430,-2.786199
1.725431,-0.960232
1.730433,-0.739322
1.735434,-1.824095
1.740435,-1.334959
1.745436,0.484897
1.750438,0.020755
1.755439,-0.587483
1.760440,1.954323
1.765441,1.317296
1.770443,0.949045
1.775444,0.977814
1.780445,2.937792
1.785446,-1.076193
1.790448,1.091548
1.795449,-4.920759
1.800450,1.916285
1.805451,4.652586
1.810453,0.408031
1.815454,1.184448
1.820455,-2.170492
1.825456,-0.624101
1.830458,-0.686599
1.835459,-2.085221
1.840460,-1.840892
1.845461,-0.289796
1.850463,-0.945078
1.855464,-1.691169
1.860465,0.800576
1.865466,0.140737
1.870468,-0.127895
1.875469,0.046076
1.880470,2.209503
1.885471,-1.566110
1.890473,0.905466
1.895474,-4.850014
1.900475,2.378680
1.905476,5.260939
1.910478,1.302102
1.915479,2.201990
1.920480,-1.017517
1.925481,0.548227
1.930483,0.449016
1.935484,-1.084806
1.940485,-0.986032
1.945486,0.309921
1.950488,-0.609150
1.955489,-1.647454
1.960490,0.567299
1.965491,-0.399665
1.970493,-0.893293
1.975494,-0.918029
1.980495,1.106356
1.985496,-2.748753
1.990498,-0.249048
1.995499,-5.960826
2.000500,1.519010
2.005501,4.490557
2.010503,0.847842
2.015504,1.985558
2.020505,-0.905792
2.025506,0.936819
2.030508,1.108003
2.035509,-0.223910
2.040510,0.075091
2.045511,1.448634
2.050513,0.564757
2.055514,-0.519333
2.060515,1.596243
2.065516,0.421107
2.070518,-0.284450
2.075519,-0.580920
2.080520,1.148969
2.085521,-3.012047
2.090523,-0.769818
2.095524,-6.761624
2.100525,0.624448
2.105526,3.343332
2.110528,-0.301157
2.115529,0.799386
2.120530,-1.977075
2.125531,0.002853
2.130533,0.388338
2.135534,-0.711044
2.140535,-0.096562
2.145536,1.547258
2.150538,0.956766
2.155539,0.134370
2.160540,2.487624
2.165541,1.450315
2.170543,0.865400
2.175544,0.596060
2.180545,2.276891
2.185546,-2.011750
2.190548,0.070442
2.195549,-6.187780
2.200550,1.030005
2.205551,3.340774
2.210553,-0.532574
2.215554,0.245274
2.220555,-2.740802
2.225556,-0.968035
2.230558,-0.710101
2.235559,-1.894937
2.240560,-1.239276
2.245561,0.461504
2.250563,0.025652
2.255564,-0.590479
2.260565,2.031229
2.265566,1.247760
2.270568,0.976597
2.275569,0.993105
2.280570,2.931992
2.285571,-1.146357
2.290573,1.120778
2.295574,-5.070333
2.300575,2.276770
2.305576,4.424984
2.310578,0.500313
2.315579,1.052791
2.320580,-2.130438
2.325581,-0.639379
2.330583,-0.664944
2.335584,-2.163006
2.340585,-1.751647
2.345586,-0.319059
2.350588,-0.944504
2.355589,-1.696002
2.360590,0.875994
2.365591,0.072647
2.370593,-0.097686
2.375594,0.066590
2.380595,2.208022
2.385596,-1.627766
2.390598,0.939820
2.395599,-4.989500
2.400600,2.744996
2.405601,5.038545
2.410603,1.400286
2.415604,2.072787
2.420605,-0.974846
2.425606,0.532365
2.430608,0.468446
2.435609,-1.166035
2.440610,-0.901839
2.445611,0.274026
2.450613,-0.615801
2.455614,-1.658955
2.460615,0.634742
2.465616,-0.474002
2.470618,-0.868888
2.475619,-0.900953
2.480620,1.100848
2.485621,-2.809370
2.490623,-0.215749
2.495624,-6.094633
2.500625,1.888648
2.505626,4.273108
2.510628,0.953750
2.515629,1.862737
2.520630,-0.854815
2.525631,0.927535
2.530633,1.133342
2.535634,-0.299939
2.540635,0.162784
2.545636,1.414089
2.550638,0.557745
2.555639,-0.532155
2.560640,1.659171
2.565641,0.341923
2.570643,-0.266643
2.575644,-0.570187
2.580645,1.134580
2.585646,-3.078099
2.590648,-0.745306
2.595649,-6.898171
2.600650,0.988689
2.605651,3.122541
2.610653,-0.195034
2.615654,0.676822
2.620655,-1.922244
2.625656,-0.002286
2.630658,0.419278
2.635659,-0.779990
2.640660,-0.001467
2.645661,1.519789
2.650663,0.956546
2.655664,0.128386
2.660665,2.554654
2.665666,1.374863
2.670668,0.884565
2.675669,0.607316
2.680670,2.258943
2.685671,-2.079765
2.690673,0.087520
2.695674,-6.327830
2.700675,1.385877
2.705676,3.111828
2.710678,-0.432763
2.715679,0.115274
2.720680,-2.690592
2.725681,-0.977684
2.730683,-0.681901
2.735684,-1.964253
2.740685,-1.142935
2.745686,0.436699
2.750688,0.029788
2.755689,-0.589900
2.760690,2.104232
2.765691,1.179981
2.770693,1.002840
2.775694,1.012056
2.780695,2.918633
2.785696,-1.207691
2.790698,1.138969
2.795699,-5.205891
2.800700,2.631076
2.805701,4.193247
2.810703,0.597226
2.815704,0.916740
2.820705,-2.085678
2.825706,-0.656461
2.830708,-0.644365
2.835709,-2.239181
2.840710,-1.661799
2.845711,-0.349651
2.850713,-0.944685
2.855714,-1.697179
2.860715,0.947494
2.865716,0.006424
2.870718,-0.068785
2.875719,0.090823
2.880720,2.198978
2.885721,-1.680513
2.890723,0.963044
2.895724,-5.114792
2.900725,3.104857
2.905726,4.812223
2.910728,1.502900
2.915729,1.939273
2.920730,-0.927600
2.925731,0.514706
2.930733,0.486697
2.935734,-1.245618
2.940735,-0.817154
2.945736,0.236832
2.950738,-0.623251
2.955739,-1.666764
2.960740,0.698217
2.965741,-0.546388
2.970743,-0.845801
2.975744,-0.880100
2.980745,1.087792
2.985746,-2.860976
2.990748,-0.193629
2.995749,-6.214025
3.000750,2.251612
3.005751,4.051992
3.010753,1.063939
3.015754,1.735738
3.020755,-0.799352
3.025756,0.916492
3.030758,1.157420
3.035759,-0.374281
3.040760,0.250851
3.045761,1.378250
3.050763,0.549857
3.055764,-0.541291
3.060765,1.718031
3.065766,0.264719
3.070768,-0.250218
3.075769,-0.555671
3.080770,1.112613
3.085771,-3.135072
3.090773,-0.732045
3.095774,-7.020095
3.100775,1.346040
3.105776,2.898361
3.110778,-0.084751
3.115779,0.550253
3.120780,-1.862969
3.125781,-0.009092
3.130783,0.448930
3.135784,-0.847155
3.140785,0.093931
3.145786,1.491075
3.150788,0.955403
3.155789,0.126098
3.160790,2.617523
3.165791,1.301412
3.170793,0.902264
3.175794,0.622329
3.180795,2.233345
3.185796,-2.138686
3.190798,0.093225
3.195799,-6.453105
3.200800,1.734591
3.205801,2.879723
3.210803,-0.328949
3.215804,-0.018583
3.220805,-2.635993
3.225806,-0.988907
3.230808,-0.655002
3.235809,-2.031667
3.240810,-1.046321
3.245811,0.410744
3.250813,0.033007
3.255814,-0.585561
3.260815,2.173032
3.265816,1.114271
3.270818,1.027574
3.275819,1.034763
3.280820,2.897574
3.285821,-1.259915
3.290823,1.145656
3.295824,-5.326546
3.300825,2.977923
3.305826,3.958540
3.310828,0.697933
3.315829,0.776927
3.320830,-2.036640
3.325831,-0.675075
3.330833,-0.625146
3.335834,-2.313367
3.340835,-1.571735
3.345836,-0.381310
3.350838,-0.945772
3.355839,-1.694517
3.360840,1.014782
3.365841,-0.057623
3.370843,-0.041389
3.375844,0.118865
3.380845,2.182238
3.385846,-1.724082
3.390848,0.974686
3.395849,-5.225016
3.400850,3.456993
3.405851,4.583138
3.410853,1.609105
3.415854,1.802083
3.420855,-0.876208
3.425856,0.495524
3.430858,0.503489
3.435859,-1.323178
3.440860,-0.732362
3.445861,0.198598
3.450863,-0.631650
3.455864,-1.670700
3.460865,0.757433
3.465866,-0.616517
3.470868,-0.824225
3.475869,-0.855384
3.480870,1.067061
3.485871,-2.903309
3.490873,-0.183129
3.495874,-6.318138
3.500875,2.606636
3.505876,3.828374
3.510878,1.177569
3.515879,1.605198
3.520880,-0.739835
3.525881,0.903966
3.530883,1.179956
3.535884,-0.446561
3.540885,0.338908
3.545886,1.341380
3.550888,0.540944
3.555889,-0.546565
3.560890,1.772537
3.565891,0.189800
3.570893,-0.235363
3.575894,-0.537290
3.580895,1.082949
3.585896,-3.182717
3.590898,-0.730464
3.595899,-7.126544
3.600900,1.695240
3.605901,2.671953
3.610903,0.028849
3.615904,0.420317
3.620905,-1.799686
3.625906,-0.017289
3.630908,0.477011
3.635909,-0.912166
3.640910,0.189250
3.645911,1.461376
3.650913,0.953191
3.655914,0.127679
3.660915,2.675947
3.665916,1.230263
3.670918,0.918313
3.675919,0.641171
3.680920,2.199986
3.685921,-2.188275
3.690923,0.087138
3.695924,-6.562766
3.700925,2.074895
3.705926,2.645622
3.710928,-0.221978
3.715929,-0.155656
3.720930,-2.577444
3.725931,-1.001425
3.730933,-0.629684
3.735934,-2.096807
3.740935,-0.949818
3.745936,0.383898
3.750938,0.035166
3.755939,-0.577292
3.760940,2.237353
3.765941,1.050929
3.770943,1.050617
3.775944,1.061297
3.780945,2.868709
3.785946,-1.302800
3.790948,1.140433
3.795949,-5.431472
3.800950,3.316069
3.805951,3.722022
3.810953,0.801588
3.815954,0.633995
3.820955,-1.983763
3.825956,-0.694941
3.830958,-0.607565
3.835959,-2.385196
3.840960,-1.481835
3.845961,-0.413778
3.850963,-0.947911
3.855964,-1.687849
3.860965,1.077583
3.865966,-0.119201
3.870968,-0.015674
3.875969,0.150780
3.880970,2.157706
3.885971,-1.758254
3.890973,0.974351
3.895974,-5.319358
3.900975,3.800167
3.905976,4.352446
3.910978,1.718051
3.915979,1.661863
3.920980,-0.821112
3.925981,0.475101
3.930983,0.518543
3.935984,-1.398347
3.940985,-0.647842
3.945986,0.159584
3.950988,-0.641140
3.955989,-1.670599
3.960990,0.812120
3.965991,-0.684098
3.970993,-0.804332
3.975994,-0.826748
3.980995,1.038568
3.985996,-2.936160
3.990998,-0.184631
3.995999,-6.406171
4.001000,2.952493
4.006002,3.603408
4.011003,1.293788
4.016004,1.471765
4.021005,-0.676709
4.026007,0.890238
4.031008,1.200673
4.036009,-0.516413
4.041010,0.426575
4.046012,1.303734
4.051013,0.530867
4.056014,-0.547818
4.061015,1.822423
4.066017,0.117451
4.071018,-0.222247
4.076019,-0.514994
4.081020,1.045509
4.086022,-3.220833
4.091023,-0.740932
4.096024,-7.216728
4.101025,2.035070
4.106027,2.444471
4.111028,0.144914
4.116029,0.287666
4.121030,-1.732842
4.126032,-0.026595
4.131033,0.503247
4.136034,-0.974658
4.141035,0.284110
4.146037,1.430949
4.151038,0.949772
4.156039,0.133285
4.161040,2.729666
4.166042,1.161698
4.171043,0.932545
4.176044,0.663891
4.181045,2.158797
4.186047,-2.228342
4.191048,0.068903
4.196049,-6.656034
4.201050,2.405577
4.206052,2.410675
4.211053,-0.112702
4.216054,-0.295292
4.221055,-2.515392
4.226057,-1.014958
4.231058,-0.606223
4.236059,-2.159311
4.241060,-0.853802
4.246062,0.356415
4.251063,0.036127
4.256064,-0.564942
4.261065,2.296937
4.266067,0.990230
4.271068,1.071809
4.276069,1.091697
4.281070,2.831979
4.286072,-1.336166
4.291073,1.122959
4.296074,-5.519902
4.301075,3.644309
4.306077,3.484843
4.311078,0.907337
4.316079,0.488600
4.321080,-1.927498
4.326082,-0.715777
4.331083,-0.591895
4.336084,-2.454306
4.341085,-1.392476
4.346087,-0.446800
4.351088,-0.951234
4.356089,-1.677028
4.361090,1.135643
4.366092,-0.178035
4.371093,0.008202
4.376094,0.186603
4.381095,2.125328
4.386097,-1.782861
4.391098,0.961710
4.396099,-5.397063
4.401100,4.133184
4.406102,4.121294
4.411103,1.828886
4.416104,1.519270
4.421105,-0.762764
4.426107,0.453717
4.431108,0.531588
4.436109,-1.470765
4.441110,-0.563970
4.446112,0.120043
4.451113,-0.651852
4.456114,-1.666320
4.461115,0.862031
4.466117,-0.748861
4.471118,-0.786277
4.476119,-0.794161
4.481120,1.002267
4.486122,-2.959373
4.491123,-0.198453
4.496124,-6.477382
4.501125,3.287994
4.506127,3.378236
4.511128,1.411741
4.516129,1.336098
4.521130,-0.610427
4.526132,0.875590
4.531133,1.219300
4.536134,-0.583479
4.541135,0.513479
4.546137,1.265566
4.551138,0.519497
4.556139,-0.544908
4.561140,1.867445
4.566142,0.047940
4.571143,-0.211019
4.576144,-0.488756
4.581145,1.000257
4.586147,-3.249276
4.591148,-0.763754
4.596149,-7.289920
4.601150,2.364354
4.606152,2.217054
4.611153,0.262589
4.616154,0.152958
4.621155,-1.662892
4.626157,-0.036728
4.631158,0.527368
4.636159,-1.034276
4.641160,0.378140
4.646162,1.400043
4.651163,0.945018
4.656164,0.143052
4.661165,2.778440
4.666167,1.095979
4.671168,0.944816
4.676169,0.690506
4.681170,2.109749
4.686172,-2.258751
4.691173,0.038230
4.696174,-6.732196
4.701175,2.725471
4.706177,2.176018
4.711178,-0.001976
4.716179,-0.436829
4.721180,-2.450296
4.726182,-1.029222
4.731183,-0.584885
4.736184,-2.218824
4.741185,-0.758644
4.746187,0.328547
4.751188,0.035766
4.756189,-0.548379
4.761190,2.351548
4.766192,0.932434
4.771193,1.091007
4.776194,1.125976
4.781195,2.787362
4.786197,-1.359890
4.791198,1.092952
4.796199,-5.591137
4.801200,3.961487
4.806202,3.248135
4.811203,1.014327
4.816204,0.341404
4.821205,-1.868303
4.826207,-0.737299
4.831208,-0.578401
4.836209,-2.520346
4.841210,-1.304026
4.846212,-0.480128
4.851213,-0.955863
4.856214,-1.661926
4.861215,1.188734
4.866217,-0.233873
4.871218,0.030100
4.876219,0.226339
4.881220,2.085092
4.886222,-1.797790
4.891223,0.936495
4.896224,-5.457447
4.901225,4.454897
4.906227,3.890810
4.911228,1.940755
4.916229,1.374968
4.921230,-0.701623
4.926232,0.431657
4.931233,0.542361
4.936234,-1.540084
4.941235,-0.481111
4.946237,0.080222
4.951238,-0.663905
4.956239,-1.657736
4.961240,0.906939
4.966242,-0.810558
4.971243,-0.770192
4.976244,-0.757624
4.981245,0.958156
4.986247,-2.972846
4.991248,-0.224847
4.996249,-6.531102
5.001250,3.612004
5.006252,3.153983
5.011253,1.530577
5.016254,1.198861
5.021255,-0.541451
5.026257,0.860306
5.031258,1.235577
5.036259,-0.647412
5.041260,0.599254
5.046262,1.227122
5.051263,0.506717
5.056264,-0.537716
5.061265,1.907384
5.066267,-0.018490
5.071268,-0.201808
5.076269,-0.458584
5.081270,0.947198
5.086272,-3.267953
5.091273,-0.799169
5.096274,-7.345462
5.101275,2.681963
5.106277,1.990822
5.111278,0.381022
5.116279,0.016858
5.121280,-1.590297
5.126282,-0.047405
5.131283,0.549114
5.136284,-1.090677
5.141285,0.470975
5.146287,1.368902
5.151288,0.938816
5.156289,0.157095
5.161290,2.822054
5.166292,1.033346
5.171293,0.955001
5.176294,0.721004
5.181295,2.052857
5.186297,-2.279423
5.191298,-0.005108
5.196299,-6.790608
5.201300,3.033460
5.206302,1.942767
5.211303,0.109350
5.216304,-0.579603
5.221305,-2.382616
5.226307,-1.043936
5.231308,-0.565929
5.236309,-2.275006
5.241310,-0.664707
5.246312,0.300533
5.251313,0.033971
5.256314,-0.527491
5.261315,2.400975
5.266317,0.877775
5.271318,1.108093
5.276319,1.164116
5.281320,2.734882
5.286322,-1.373903
5.291323,1.050203
5.296324,-5.644548
5.301325,4.266497
5.306327,3.013009
5.311328,1.121708
5.316329,0.193072
5.321330,-1.806639
5.326332,-0.759227
5.331333,-0.567340
5.336334,-2.582976
5.341335,-1.216846
5.346337,-0.513522
5.351338,-0.961907
5.356339,-1.642435
5.361340,1.236648
5.366342,-0.286482
5.371343,0.049907
5.376344,0.269965
5.381345,2.037030
5.386347,-1.802983
5.391348,0.898509
5.396349,-5.499896
5.401350,4.764209
5.406352,3.662099
5.411353,2.052811
5.416354,1.229621
5.421355,-0.638153
5.426357,0.409202
5.431358,0.550607
5.436359,-1.605966
5.441360,-0.399624
5.446362,0.040360
5.451363,-0.677405
5.456364,-1.644745
5.461365,0.946644
5.466367,-0.868961
5.471368,-0.756187
5.476369,-0.717167
5.481370,0.906273
5.486372,-2.976532
5.491373,-0.263999
5.496374,-6.566730
5.501375,3.923438
5.506377,2.931748
5.511378,1.649447
5.516379,1.060717
5.521380,-0.470244
5.526382,0.844665
5.531383,1.249250
5.536384,-0.707879
5.541385,0.683546
5.546387,1.188637
5.551388,0.492425
5.556389,-0.526143
5.561390,1.942043
5.566392,-0.081614
5.571393,-0.194720
5.576394,-0.424512
5.581395,0.886381
5.586397,-3.276830
5.591398,-0.847347
5.596399,-7.382770
5.601400,2.986825
5.606402,1.766868
5.611403,0.499368
5.616404,-0.119968
5.621405,-1.515522
5.626407,-0.058348
5.631408,0.568236
5.636409,-1.143529
5.641410,0.562264
5.646412,1.337762
5.651413,0.931066
5.656414,0.175508
5.661415,2.860316
5.666417,0.974018
5.671418,0.963001
5.676419,0.755345
5.681420,1.988177
5.686422,-2.290333
5.691423,-0.061267
5.696424,-6.830699
5.701425,3.328482
5.706427,1.712009
5.711428,0.220433
5.716429,-0.722950
5.721430,-2.312816
5.726432,-1.058819
5.731433,-0.549602
5.736434,-2.327530
5.741435,-0.572340
5.746437,0.272608
5.751438,0.030646
5.756439,-0.502189
5.761440,2.445033
5.766442,0.826468
5.771443,1.122969
5.776444,1.206069
5.781445,2.674603
5.786447,-1.378192
5.791448,0.994568
5.796449,-5.679580
5.801450,4.558289
5.806452,2.780546
5.811453,1.228639
5.816454,0.044270
5.821455,-1.742971
5.826457,-0.781281
5.831458,-0.558956
5.836459,-2.641872
5.841460,-1.131282
5.846462,-0.546750
5.851463,-0.969461
5.856464,-1.618472
5.861465,1.279205
5.866467,-0.335656
5.871468,0.067529
5.876469,0.317426
5.881470,1.981215
5.886472,-1.798440
5.891473,0.847623
5.896474,-5.523870
5.901475,5.060084
5.906477,3.436238
5.911478,2.164214
5.916479,1.083893
5.921480,-0.572816
5.926482,0.386629
5.931483,0.556085
5.936484,-1.668090
5.941485,-0.319854
5.946487,0.000687
5.951488,-0.692442
5.956489,-1.627266
5.961490,0.980971
5.966492,-0.923867
5.971493,-0.744350
5.976494,-0.672850
5.981495,0.846702
5.986497,-2.970442
5.991498,-0.316022
5.996499,-6.583742
6.001500,4.221269
6.006502,2.712601
6.011503,1.767515
6.016504,0.922331
6.021505,-0.397268
6.026507,0.828944
6.031508,1.260080
6.036509,-0.764561
6.041510,0.766012
6.046512,1.150339
6.051513,0.476532
6.056514,-0.510114
6.061515,1.971254
6.066517,-0.141235
6.071518,-0.189836
6.076519,-0.386608
6.081520,0.817899
6.086522,-3.275927
6.091523,-0.908388
6.096524,-7.401335
6.101525,3.277926
6.106527,1.546257
6.111528,0.616793
6.116529,-0.256861
6.121530,-1.439030
6.126532,-0.069280
6.131533,0.584495
6.136534,-1.192519
6.141535,0.651664
6.146537,1.306847
6.151538,0.921681
6.156539,0.198364
6.161540,2.893062
6.166542,0.918188
6.171543,0.968736
6.176544,0.793456
6.181545,1.915811
6.186547,-2.291514
6.191548,-0.130332
6.196549,-6.851977
6.201550,3.609537
6.206552,1.484804
6.211553,0.330441
6.216554,-0.866207
6.221555,-2.241358
6.226557,-1.073600
6.231558,-0.536139
6.236559,-2.376083
6.241560,-0.481883
6.246562,0.244993
6.251563,0.025706
6.256564,-0.472407
6.261565,2.483562
6.266567,0.778700
6.271568,1.135561
6.276569,1.251756
6.281570,2.606637
6.286572,-1.372801
6.291573,0.925975
6.296574,-5.695754
6.301575,4.835875
6.306577,2.551798
6.311578,1.334293
6.316579,-0.104344
6.321580,-1.677759
6.326582,-0.803188
6.331583,-0.553479
6.336584,-2.696726
6.341585,-1.047670
6.346587,-0.579592
6.351588,-0.978604
6.356589,-1.589973
6.361590,1.316250
6.366592,-0.381209
6.371593,0.082898
6.376594,0.368637
6.381595,1.917766
6.386597,-1.784215
6.391598,0.783780
6.396599,-5.528906
6.401600,5.341545
6.406602,3.214269
6.411603,2.274140
6.416604,0.938443
6.421605,-0.506073
6.426607,0.364210
6.431608,0.558566
6.436609,-1.726152
6.441610,-0.242133
6.446612,-0.038580
6.451613,-0.709094
6.456614,-1.605242
6.461615,1.009771
6.466617,-0.975095
6.471618,-0.734746
6.476619,-0.624764
6.481620,0.779570
6.486622,-2.954642
6.491623,-0.380960
6.496624,-6.581693
6.501625,4.504534
6.506627,2.497577
6.511628,1.883960
6.516629,0.784359
6.521630,-0.322985
6.526632,0.813412
6.531633,1.267843
6.536634,-0.817159
6.541635,0.846322
6.546637,1.112445
6.551638,0.458964
6.556639,-0.489574
6.561640,1.994872
6.566642,-0.197178
6.571643,-0.187216
6.576644,-0.344968
6.581645,0.741887
6.586647,-3.265323
6.591648,-0.982322
6.596649,-7.400726
6.601650,3.554316
6.606652,1.330016
6.611653,0.732478
6.616654,-0.393164
6.621655,-1.361279
6.626657,-0.079936
6.631658,0.597670
6.636659,-1.237350
6.641660,0.738849
6.646662,1.276371
6.651663,0.910592
6.656664,0.225709
6.661665,2.920154
6.666667,0.866025
6.671668,0.972153
6.676669,0.835233
6.681670,1.835904
6.686672,-2.283055
6.691673,-0.212317
6.696674,-6.854027
6.701675,3.875690
6.706677,1.262170
6.711678,0.438562
6.716679,-1.008722
6.721680,-2.168703
6.726682,-1.088011
6.731683,-0.525758
6.736684,-2.420374
6.741685,-0.393657
6.746687,0.217900
6.751688,0.019085
6.756689,-0.438102
6.761690,2.516429
6.766692,0.734635
6.771693,1.145821
6.776694,1.301067
6.781695,2.531135
6.786697,-1.357831
6.791698,0.844426
6.796699,-5.692673
6.801700,5.098333
6.806702,2.327777
6.811703,1.437859
6.816704,-0.252117
6.821705,-1.611461
6.826707,-0.824686
6.831708,-0.551126
6.836709,-2.747249
6.841710,-0.966331
6.846712,-0.611840
6.851713,-0.989400
6.856714,-1.556901
6.861715,1.347657
6.866717,-0.422984
6.871718,0.095968
6.876719,0.423481
6.881720,1.846844
6.886722,-1.760423
6.891723,0.706993
6.896724,-5.514624
6.901725,5.607684
6.906727,2.997197
6.911728,2.381784
6.916729,0.793920
6.921730,-0.438381
6.926732,0.342207
6.931733,0.557839
6.936734,-1.779865
6.941735,-0.166777
6.946737,-0.077234
6.951738,-0.727421
6.956739,-1.578640
6.961740,1.032922
6.966742,-1.022493
6.971743,-0.727413
6.976744,-0.573032
6.981745,0.705047
6.986747,-2.929258
6.991748,-0.458785
6.996749,-6.560217
7.001750,4.772339
7.006752,2.287673
7.011753,1.997980
7.016754,0.647447
7.021755,-0.247850
7.026757,0.798330
7.031758,1.272328
7.036759,-0.865390
7.041760,0.924163
7.046762,1.075157
7.051763,0.439667
7.056764,-0.464496
7.061765,2.012782
7.066767,-0.249293
7.071768,-0.186894
7.076769,-0.299720
7.081770,0.658524
7.086772,-3.245153
7.091773,-1.069103
7.096774,-7.380596
7.101775,3.815115
7.106777,1.119133
7.111778,0.845628
7.116779,-0.528233
7.121780,-1.282726
7.126782,-0.090056
7.131783,0.607554
7.136784,-1.277743
7.141785,0.823510
7.146787,1.246533
7.151788,0.897746
7.156789,0.257568
7.161790,2.941483
7.166792,0.817675
7.171793,0.973222
7.176794,0.880542
7.181795,1.748643
7.186797,-2.265102
7.191798,-0.307164
7.196799,-6.836518
7.201800,4.126071
7.206802,1.045087
7.211803,0.544002
7.216804,-1.149852
7.221805,-2.095301
7.226807,-1.101796
7.231808,-0.518662
7.236809,-2.460128
7.241810,-0.307972
7.246812,0.191525
7.251813,0.010733
7.256814,-0.399255
7.261815,2.543530
7.266817,0.694413
7.271818,1.153722
7.276819,1.353861
7.281820,2.448295
7.286822,-1.333441
7.291823,0.749993
7.296824,-5.670021
7.301825,5.344809
7.306827,2.109454
7.311828,1.538551
7.316829,-0.398410
7.321830,-1.544529
7.326832,-0.845517
7.331833,-0.552096
7.336834,-2.793170
7.341835,-0.887567
7.346837,-0.643299
7.351838,-1.001895
7.356839,-1.519242
7.361840,1.373327
7.366842,-0.460846
7.371843,0.106720
7.376844,0.481813
7.381845,1.768655
7.386847,-1.727233
7.391848,0.617351
7.396849,-5.480726
7.401850,5.857661
7.406852,2.785983
7.411853,2.486362
7.416854,0.650961
7.421855,-0.370189
7.426857,0.320872
7.431858,0.553708
7.436859,-1.828964
7.441860,-0.094087
7.446862,-0.115083
7.451863,-0.747464
7.456864,-1.547449
7.461865,1.050333
7.466867,-1.065932
7.471868,-0.722368
7.476869,-0.517807
7.481870,0.623348
7.486872,-2.894470
7.491873,-0.549392
7.496874,-6.519034
7.501875,5.023858
7.506877,2.083840
7.511878,2.108797
7.516879,0.512229
7.521880,-0.172310
7.526882,0.783947
7.531883,1.273345
7.536884,-0.908992
7.541885,0.999237
7.546887,1.038665
7.551888,0.418599
7.556889,-0.434875
7.561890,2.024898
7.566892,-0.297458
7.571893,-0.188882
7.576894,-0.251024
7.581895,0.568034
7.586897,-3.215611
7.591898,-1.168616
7.596899,-7.340680
7.601900,4.059512
7.606902,0.914549
7.611903,0.955469
7.616904,-0.661437
7.621905,-1.203814
7.626907,-0.099392
7.631908,0.613960
7.636909,-1.313442
7.641910,0.905352
7.646912,1.217521
7.651913,0.883105
7.656914,0.293939
7.661915,2.956967
7.666917,0.773254
7.671918,0.971936
7.676919,0.929218
7.681920,1.654262
7.686922,-2.237862
7.691923,-0.414740
7.696924,-6.799201
7.701925,4.359888
7.706927,0.834488
7.711928,0.645995
7.716929,-1.288971
7.721930,-2.021596
7.726932,-1.114710
7.731933,-0.515035
7.736934,-2.495093
7.741935,-0.225116
7.746937,0.166053
7.751938,0.000617
7.756939,-0.355873
7.761940,2.564790
7.766942,0.658146
7.771943,1.159265
7.776944,1.409968
7.781945,2.358356
7.786947,-1.299847
7.791948,0.642825
7.796949,-5.627569
7.801950,5.574525
7.806952,1.897752
7.811953,1.635608
7.816954,-0.542599
7.821955,-1.477401
7.826957,-0.865441
7.831958,-0.556568
7.836959,-2.834241
7.841960,-0.811665
7.846962,-0.673789
7.851963,-1.016119
7.856964,-1.477007
7.861965,1.393189
7.866967,-0.494689
7.871968,0.115157
7.876969,0.543453
7.881970,1.683447
7.886972,-1.684873
7.891973,0.515016
7.896974,-5.426999
7.901975,6.090712
7.906977,2.581540
7.911978,2.587119
7.916979,0.510187
7.921980,-0.301934
7.926982,0.300447
7.931983,0.545996
7.936984,-1.873205
7.941985,-0.024343
7.946987,-0.151950
7.951988,-0.769250
7.956989,-1.511686
7.961990,1.061939
7.966992,-1.105310
7.971993,-0.719601
7.976994,-0.459271
7.981995,0.534729
7.986997,-2.850519
7.991998,-0.652606
7.996999,-6.457949
8.002001,5.258343
8.007002,1.886980
8.012003,2.215662
8.017004,0.379322
8.022006,-0.096801
8.027007,0.770501
8.032008,1.270720
8.037009,-0.947726
8.042011,1.071269
8.047012,1.003143
8.052013,0.395740
8.057014,-0.400731
8.062016,2.031160
8.067017,-0.341575
8.072018,-0.193164
8.077019,-0.199067
8.082021,0.470682
8.087022,-3.176947
8.092023,-1.280667
8.097024,-7.280799
8.102026,4.286774
8.107027,0.717159
8.112028,1.061257
8.117029,-0.792165
8.122031,-1.124978
8.127032,-0.107712
8.132033,0.616719
8.137034,-1.344213
8.142036,0.984102
8.147037,1.189504
8.152038,0.866652
8.157039,0.334797
8.162041,2.966553
8.167042,0.732855
8.172043,0.968317
8.177044,0.981066
8.182046,1.553032
8.187047,-2.201595
8.192048,-0.534839
8.197049,-6.741915
8.202051,4.576423
8.207052,0.631256
8.212053,0.743804
8.217054,-1.425468
8.222056,-1.948019
8.227057,-1.126522
8.232058,-0.515043
8.237059,-2.525038
8.242061,-0.145360
8.247062,0.141650
8.252063,-0.011278
8.257064,-0.307986
8.262066,2.580159
8.267067,0.625919
8.272068,1.162472
8.277069,1.469186
8.282071,2.261601
8.287072,-1.257321
8.292073,0.523141
8.297074,-5.565173
8.302076,5.786777
8.307077,1.693543
8.312078,1.728299
8.317079,-0.684077
8.322081,-1.410507
8.327082,-0.884228
8.332083,-0.564703
8.337084,-2.870237
8.342086,-0.738891
8.347087,-0.703144
8.352088,-1.032083
8.357089,-1.430233
8.362091,1.407203
8.367092,-0.524433
8.372093,0.121307
8.377094,0.608196
8.382096,1.591509
8.387097,-1.633628
8.392098,0.400223
8.397099,-5.353317
8.402101,6.306151
8.407102,2.384731
8.412103,2.683332
8.417104,0.372198
8.422106,-0.234043
8.427107,0.281156
8.432108,0.534550
8.437109,-1.912366
8.442111,0.042191
8.447112,-0.187672
8.452113,-0.792786
8.457114,-1.471393
8.462116,1.067704
8.467117,-1.140551
8.472118,-0.719079
8.477119,-0.397638
8.482121,0.439488
8.487122,-2.797700
8.492123,-0.768177
8.497124,-6.376852
8.502126,5.475121
8.507127,1.697946
8.512128,2.317857
8.517129,0.249323
8.522131,-0.021747
8.527132,0.758214
8.532133,1.264302
8.537134,-0.981377
8.542136,1.139998
8.547137,0.968751
8.552138,0.371086
8.557139,-0.362112
8.562141,2.031541
8.567142,-0.381574
8.572143,-0.199701
8.577144,-0.144069
8.582146,0.366775
8.587147,-3.129467
8.592148,-1.404991
8.597149,-7.200864
8.602151,4.496245
8.607152,0.527802
8.612153,1.162284
8.617154,-0.919823
8.622156,-1.046637
8.627157,-0.114795
8.632158,0.615682
8.637159,-1.369844
8.642161,1.059505
8.647162,1.162639
8.652163,0.848388
8.657164,0.380089
8.662166,2.970217
8.667167,0.696541
8.672168,0.962406
8.677169,1.035862
8.682171,1.445271
8.687172,-2.156618
8.692173,-0.667179
8.697174,-6.664588
8.702176,4.775035
8.707177,0.436219
8.712178,0.836726
8.717179,-1.558757
8.722181,-1.874987
8.727182,-1.137015
8.732183,-0.518828
8.737184,-2.549759
8.742186,-0.068954
8.747187,0.118468
8.752188,-0.024948
8.757189,-0.255653
8.762191,2.589622
8.767192,0.597791
8.772193,1.163392
8.777194,1.531284
8.782196,2.158354
8.787197,-1.206194
8.792198,0.391237
8.797199,-5.482776
8.802201,5.980943
8.807202,1.497646
8.812203,1.815929
8.817204,-0.822262
8.822206,-1.344260
8.827207,-0.901664
8.832208,-0.576639
8.837209,-2.900956
8.842211,-0.669490
8.847212,-0.731217
8.852213,-1.049778
8.857214,-1.378981
8.862216,1.415356
8.867217,-0.550023
8.872218,0.125224
8.877219,0.675804
8.882221,1.493175
8.887222,-1.573838
8.892223,0.273282
8.897224,-5.259641
8.902226,6.503370
8.907227,2.196360
8.912228,2.774312
8.917229,0.237574
8.922231,-0.166925
8.927232,0.263209
8.932233,0.519233
8.937234,-1.946252
8.942236,0.105276
8.947237,-0.222104
8.952238,-0.818059
8.957239,-1.426636
8.962241,1.067624
8.967242,-1.171608
8.972243,-0.720743
8.977244,-0.333150
8.982246,0.337966
8.987247,-2.736363
8.992248,-0.895781
8.997249,-6.275725
9.002251,5.673604
9.007252,1.517530
9.012253,2.414701
9.017254,0.122804
9.022256,0.052447
9.027257,0.747293
9.032258,1.253962
9.037259,-1.009753
9.042261,1.205190
9.047262,0.935629
9.052263,0.344653
9.057264,-0.319088
9.062266,2.026041
9.067267,-0.417413
9.072268,-0.208432
9.077269,-0.086278
9.082271,0.256661
9.087272,-3.073532
9.092273,-1.541251
9.097274,-7.100870
9.102276,4.687353
9.107277,0.347260
9.112278,1.257873
9.117279,-1.043844
9.122281,-0.969196
9.127282,-0.120438
9.132283,0.610725
9.137284,-1.390151
9.142286,1.131328
9.147287,1.137062
9.152288,0.828330
9.157289,0.429740
9.162291,2.967967
9.167292,0.664350
9.172293,0.954271
9.177294,1.093353
9.182296,1.331334
9.187297,-2.103303
9.192298,-0.811409
9.197299,-6.567233
9.202301,4.955170
9.207302,0.250150
9.212303,0.924095
9.217304,-1.688272
9.222306,-1.802899
9.227307,-1.145990
9.232308,-0.526510
9.237309,-2.569075
9.242311,0.003875
9.247312,0.096642
9.252313,-0.040371
9.257314,-0.198954
9.262316,2.593190
9.267317,0.573794
9.272318,1.162097
9.277319,1.596004
9.282321,2.048977
9.287322,-1.146846
9.292323,0.247481
9.297324,-5.380412
9.302326,6.156484
9.307327,1.310819
9.312328,1.897839
9.317329,-0.956596
9.322331,-1.279055
9.327332,-0.917554
9.332333,-0.592492
9.337334,-2.926224
9.342336,-0.603685
9.347337,-0.757876
9.352338,-1.069179
9.357339,-1.323339
9.362341,1.417666
9.367342,-0.571435
9.372343,0.126985
9.377344,0.746013
9.382346,1.388813
9.387347,-1.505895
9.392348,0.134574
9.397349,-5.146023
9.402351,6.681847
9.407352,2.017175
9.412353,2.859408
9.417354,0.106867
9.422356,-0.100972
9.427357,0.246800
9.432358,0.499936
9.437359,-1.974692
9.442361,0.164692
9.447362,-0.255119
9.452363,-0.845039
9.457364,-1.377506
9.462366,1.061721
9.467367,-1.198459
9.472368,-0.724513
9.477369,-0.266077
9.482371,0.230541
9.487372,-2.666913
9.492373,-1.035020
9.497374,-6.154634
9.502376,5.853283
9.507377,1.346467
9.512378,2.505551
9.517379,0.000314
9.522381,0.125391
9.527382,0.737926
9.532383,1.239592
9.537384,-1.032690
9.542386,1.266629
9.547387,0.903902
9.552388,0.316475
9.557389,-0.271758
9.562391,2.014688
9.567392,-0.449075
9.572393,-0.219269
9.577394,-0.025969
9.582396,0.140727
9.587397,-3.009558
9.592398,-1.689035
9.597399,-6.980904
9.602401,4.859606
9.607402,0.176255
9.612403,1.347392
9.617404,-1.163685
9.622406,-0.893039
9.627407,-0.124458
9.632408,0.601746
9.637409,-1.404974
9.642411,1.199363
9.647412,1.112895
9.652413,0.806518
9.657414,0.483645
9.662416,2.959837
9.667417,0.636293
9.672418,0.944005
9.677419,1.153258
9.682421,1.211615
9.687422,-2.042076
9.692423,-0.967101
9.697424,-6.449954
9.702426,5.116354
9.707427,0.073757
9.712428,1.005285
9.717429,-1.813480
9.722431,-1.732136
9.727432,-1.153266
9.732433,-0.538188
9.737434,-2.582832
9.742436,0.072920
9.747437,0.076288
9.752438,-0.057504
9.757439,-0.137999
9.762441,2.590903
9.767442,0.553934
9.772443,1.158682
9.777444,1.663059
9.782446,1.933872
9.787447,-1.079714
9.792448,0.092313
9.797449,-5.258201
9.802451,6.312944
9.807452,1.133760
9.812453,1.973412
9.817454,-1.086546
9.822456,-1.215269
9.827457,-0.931720
9.832458,-0.612354
9.837459,-2.945892
9.842461,-0.541678
9.847462,-0.783007
9.852463,-1.090240
9.857464,-1.263421
9.862466,1.414180
9.867467,-0.588667
9.872468,0.126688
9.877469,0.818531
9.882471,1.278835
9.887472,-1.430248
9.892473,-0.015446
9.897474,-5.012602
9.902476,6.841142
9.907477,1.847860
9.912478,2.938011
9.917479,-0.019398
9.922481,-0.036557
9.927482,0.232102
9.932483,0.476570
9.937484,-1.997543
9.942486,0.220243
9.947487,-0.286607
9.952488,-0.873676
9.957489,-1.324123
9.962491,1.050049
9.967492,-1.221110
9.972493,-0.730283
9.977494,-0.196716
9.982496,0.117630
9.987497,-2.589807
9.992498,-1.185428
9.997499,-6.013738
10.002501,6.013738
10.007502,1.185428
10.012503,2.589807
10.017504,-0.117630
10.022506,0.196716
10.027507,0.730283
10.032508,1.221110
10.037509,-1.050049
10.042511,1.324123
10.047512,0.873676
10.052513,0.286607
10.057514,-0.220243
10.062516,1.997543
10.067517,-0.476570
10.072518,-0.232102
10.077519,0.036557
10.082521,0.019398
10.087522,-2.938011
10.092523,-1.847860
10.097524,-6.841142
10.102526,5.012602
10.107527,0.015446
10.112528,1.430248
10.117529,-1.278835
10.122531,-0.818531
10.127532,-0.126688
10.132533,0.588667
10.137534,-1.414180
10.142536,1.263421
10.147537,1.090240
10.152538,0.783007
10.157539,0.541678
10.162541,2.945892
10.167542,0.612354
10.172543,0.931720
10.177544,1.215269
10.182546,1.086546
10.187547,-1.973412
10.192548,-1.133760
10.197549,-6.312944
10.202551,5.258201
10.207552,-0.092313
10.212553,1.079714
10.217554,-1.933872
10.222556,-1.663059
10.227557,-1.158682
10.232558,-0.553934
10.237559,-2.590903
10.242561,0.137999
10.247562,0.057504
10.252563,-0.076288
10.257564,-0.072920
10.262566,2.582832
10.267567,0.538188
10.272568,1.153266
10.277569,1.732136
10.282571,1.813480
10.287572,-1.005285
10.292573,-0.073757
10.297574,-5.116354
10.302576,6.449954
10.307577,0.967101
10.312578,2.042076
10.317579,-1.211615
10.322581,-1.153258
10.327582,-0.944005
10.332583,-0.636293
10.337584,-2.959837
10.342586,-0.483645
10.347587,-0.806518
10.352588,-1.112895
10.357589,-1.199363
10.362591,1.404974
10.367592,-0.601746
10.372593,0.124458
10.377594,0.893039
10.382596,1.163685
10.387597,-1.347392
10.392598,-0.176255
10.397599,-4.859606
10.402601,6.980904
10.407602,1.689035
10.412603,3.009558
10.417604,-0.140727
10.422606,0.025969
10.427607,0.219269
10.432608,0.449075
10.437609,-2.014688
10.442611,0.271758
10.447612,-0.316475
10.452613,-0.903902
10.457614,-1.266629
10.462616,1.032690
10.467617,-1.239592
10.472618,-0.737926
10.477619,-0.125391
10.482621,-0.000314
10.487622,-2.505551
10.492623,-1.346467
10.497624,-5.853283
10.502626,6.154634
10.507627,1.035020
10.512628,2.666913
10.517629,-0.230541
10.522631,0.266077
10.527632,0.724513
10.532633,1.198459
10.537634,-1.061721
10.542636,1.377506
10.547637,0.845039
10.552638,0.255119
10.557639,-0.164692
10.562641,1.974692
10.567642,-0.499936
10.572643,-0.246800
10.577644,0.100972
10.582646,-0.106867
10.587647,-2.859408
10.592648,-2.017175
10.597649,-6.681847
10.602651,5.146023
10.607652,-0.134574
10.612653,1.505895
10.617654,-1.388813
10.622656,-0.746013
10.627657,-0.126985
10.632658,0.571435
10.637659,-1.417666
10.642661,1.323339
10.647662,1.069179
10.652663,0.757876
10.657664,0.603685
10.662666,2.926224
10.667667,0.592492
10.672668,0.917554
10.677669,1.279055
10.682671,0.956596
10.687672,-1.897839
10.692673,-1.310819
10.697674,-6.156484
10.702676,5.380412
10.707677,-0.247481
10.712678,1.146846
10.717679,-2.048977
10.722681,-1.596004
10.727682,-1.162097
10.732683,-0.573794
10.737684,-2.593190
10.742686,0.198954
10.747687,0.040371
10.752688,-0.096642
10.757689,-0.003875
10.762691,2.569075
10.767692,0.526510
10.772693,1.145990
10.777694,1.802899
10.782696,1.688272
10.787697,-0.924095
10.792698,-0.250150
10.797699,-4.955170
10.802701,6.567233
10.807702,0.811409
10.812703,2.103303
10.817704,-1.331334
10.822706,-1.093353
10.827707,-0.954271
10.832708,-0.664350
10.837709,-2.967967
10.842711,-0.429740
10.847712,-0.828330
10.852713,-1.137062
10.857714,-1.131328
10.862716,1.390151
10.867717,-0.610725
10.872718,0.120438
10.877719,0.969196
10.882721,1.043844
10.887722,-1.257873
10.892723,-0.347260
10.897724,-4.687353
10.902726,7.100870
10.907727,1.541251
10.912728,3.073532
10.917729,-0.256661
10.922731,0.086278
10.927732,0.208432
10.932733,0.417413
10.937734,-2.026041
10.942736,0.319088
10.947737,-0.344653
10.952738,-0.935629
10.957739,-1.205190
10.962741,1.009753
10.967742,-1.253962
10.972743,-0.747293
10.977744,-0.052447
10.982746,-0.122804
10.987747,-2.414701
10.992748,-1.517530
10.997749,-5.673604
11.002751,6.275725
11.007752,0.895781
11.012753,2.736363
11.017754,-0.337966
11.022756,0.333150
11.027757,0.720743
11.032758,1.171608
11.037759,-1.067624
11.042761,1.426636
11.047762,0.818059
11.052763,0.222104
11.057764,-0.105276
11.062766,1.946252
11.067767,-0.519233
11.072768,-0.263209
11.077769,0.166925
11.082771,-0.237574
11.087772,-2.774312
11.092773,-2.196360
11.097774,-6.503370
11.102776,5.259641
11.107777,-0.273282
11.112778,1.573838
11.117779,-1.493175
11.122781,-0.675804
11.127782,-0.125224
11.132783,0.550023
11.137784,-1.415356
11.142786,1.378981
11.147787,1.049778
11.152788,0.731217
11.157789,0.669490
11.162791,2.900956
11.167792,0.576639
11.172793,0.901664
11.177794,1.344260
11.182796,0.822262
11.187797,-1.815929
11.192798,-1.497646
11.197799,-5.980943
11.202801,5.482776
11.207802,-0.391237
11.212803,1.206194
11.217804,-2.158354
11.222806,-1.531284
11.227807,-1.163392
11.232808,-0.597791
11.237809,-2.589622
11.242811,0.255653
11.247812,0.024948
11.252813,-0.118468
11.257814,0.068954
11.262816,2.549759
11.267817,0.518828
11.272818,1.137015
11.277819,1.874987
11.282821,1.558757
11.287822,-0.836726
11.292823,-0.436219
11.297824,-4.775035
11.302826,6.664588
11.307827,0.667179
11.312828,2.156618
11.317829,-1.445271
11.322831,-1.035862
11.327832,-0.962406
11.332833,-0.696541
11.337834,-2.970217
11.342836,-0.380089
11.347837,-0.848388
11.352838,-1.162639
11.357839,-1.059505
11.362841,1.369844
11.367842,-0.615682
11.372843,0.114795
11.377844,1.046637
11.382846,0.919823
11.387847,-1.162284
11.392848,-0.527802
11.397849,-4.496245
11.402851,7.200864
11.407852,1.404991
11.412853,3.129467
11.417854,-0.366775
11.422856,0.144069
11.427857,0.199701
11.432858,0.381574
11.437859,-2.031541
11.442861,0.362112
11.447862,-0.371086
11.452863,-0.968751
11.457864,-1.139998
11.462866,0.981377
11.467867,-1.264302
11.472868,-0.758214
11.477869,0.021747
11.482871,-0.249323
11.487872,-2.317857
11.492873,-1.697946
11.497874,-5.475121
11.502876,6.376852
11.507877,0.768177
11.512878,2.797700
11.517879,-0.439488
11.522881,0.397638
11.527882,0.719079
11.532883,1.140551
11.537884,-1.067704
11.542886,1.471393
11.547887,0.792786
11.552888,0.187672
11.557889,-0.042191
11.562891,1.912366
11.567892,-0.534550
11.572893,-0.281156
11.577894,0.234043
11.582896,-0.372198
11.587897,-2.683332
11.592898,-2.384731
11.597899,-6.306151
11.602901,5.353317
11.607902,-0.400223
11.612903,1.633628
11.617904,-1.591509
11.622906,-0.608196
11.627907,-0.121307
11.632908,0.524433
11.637909,-1.407203
11.642911,1.430233
11.647912,1.032083
11.652913,0.703144
11.657914,0.738891
11.662916,2.870237
11.667917,0.564703
11.672918,0.884228
11.677919,1.410507
11.682921,0.684077
11.687922,-1.728299
11.692923,-1.693543
11.697924,-5.786777
11.702926,5.565173
11.707927,-0.523141
11.712928,1.257321
11.717929,-2.261601
11.722931,-1.469186
11.727932,-1.162472
11.732933,-0.625919
11.737934,-2.580159
11.742936,0.307986
11.747937,0.011278
11.752938,-0.141650
11.757939,0.145360
11.762941,2.525038
11.767942,0.515043
11.772943,1.126522
11.777944,1.948019
11.782946,1.425468
11.787947,-0.743804
11.792948,-0.631256
11.797949,-4.576423
11.802951,6.741915
11.807952,0.534839
11.812953,2.201595
11.817954,-1.553032
11.822956,-0.981066
11.827957,-0.968317
11.832958,-0.732855
11.837959,-2.966553
11.842961,-0.334797
11.847962,-0.866652
11.852963,-1.189504
11.857964,-0.984102
11.862966,1.344213
11.867967,-0.616719
11.872968,0.107712
11.877969,1.124978
11.882971,0.792165
11.887972,-1.061257
11.892973,-0.717159
11.897974,-4.286774
11.902976,7.280799
11.907977,1.280667
11.912978,3.176947
11.917979,-0.470682
11.922981,0.199067
11.927982,0.193164
11.932983,0.341575
11.937984,-2.031160
11.942986,0.400731
11.947987,-0.395740
11.952988,-1.003143
11.957989,-1.071269
11.962991,0.947726
11.967992,-1.270720
11.972993,-0.770501
11.977994,0.096801
11.982996,-0.379322
11.987997,-2.215662
11.992998,-1.886980
11.997999,-5.258343
12.003001,6.457949
12.008002,0.652606
12.013003,2.850519
12.018005,-0.534729
12.023006,0.459271
12.028007,0.719601
12.033008,1.105310
12.038010,-1.061939
12.043011,1.511686
12.048012,0.769250
12.053013,0.151950
12.058015,0.024343
12.063016,1.873205
12.068017,-0.545996
12.073018,-0.300447
12.078020,0.301934
12.083021,-0.510187
12.088022,-2.587119
12.093023,-2.581540
12.098025,-6.090712
12.103026,5.426999
12.108027,-0.515016
12.113028,1.684873
12.118030,-1.683447
12.123031,-0.543453
12.128032,-0.115157
12.133033,0.494689
12.138035,-1.393189
12.143036,1.477007
12.148037,1.016119
12.153038,0.673789
12.158040,0.811665
12.163041,2.834241
12.168042,0.556568
12.173043,0.865441
12.178045,1.477401
12.183046,0.542599
12.188047,-1.635608
12.193048,-1.897752
12.198050,-5.574525
12.203051,5.627569
12.208052,-0.642825
12.213053,1.299847
12.218055,-2.358356
12.223056,-1.409968
12.228057,-1.159265
12.233058,-0.658146
12.238060,-2.564790
12.243061,0.355873
12.248062,-0.000617
12.253063,-0.166053
12.258065,0.225116
12.263066,2.495093
12.268067,0.515035
12.273068,1.114710
12.278070,2.021596
12.283071,1.288971
12.288072,-0.645995
12.293073,-0.834488
12.298075,-4.359888
12.303076,6.799201
12.308077,0.414740
12.313078,2.237862
12.318080,-1.654262
12.323081,-0.929218
12.328082,-0.971936
12.333083,-0.773254
12.338085,-2.956967
12.343086,-0.293939
12.348087,-0.883105
12.353088,-1.217521
12.358090,-0.905352
12.363091,1.313442
12.368092,-0.613960
12.373093,0.099392
12.378095,1.203814
12.383096,0.661437
12.388097,-0.955469
12.393098,-0.914549
12.398100,-4.059512
12.403101,7.340680
12.408102,1.168616
12.413103,3.215611
12.418105,-0.568034
12.423106,0.251024
12.428107,0.188882
12.433108,0.297458
12.438110,-2.024898
12.443111,0.434875
12.448112,-0.418599
12.453113,-1.038665
12.458115,-0.999237
12.463116,0.908992
12.468117,-1.273345
12.473118,-0.783947
12.478120,0.172310
12.483121,-0.512229
12.488122,-2.108797
12.493123,-2.083840
12.498125,-5.023858
12.503126,6.519034
12.508127,0.549392
12.513128,2.894470
12.518130,-0.623348
12.523131,0.517807
12.528132,0.722368
12.533133,1.065932
12.538135,-1.050333
12.543136,1.547449
12.548137,0.747464
12.553138,0.115083
12.558140,0.094087
12.563141,1.828964
12.568142,-0.553708
12.573143,-0.320872
12.578145,0.370189
12.583146,-0.650961
12.588147,-2.486362
12.593148,-2.785983
12.598150,-5.857661
12.603151,5.480726
12.608152,-0.617351
12.613153,1.727233
12.618155,-1.768655
12.623156,-0.481813
12.628157,-0.106720
12.633158,0.460846
12.638160,-1.373327
12.643161,1.519242
12.648162,1.001895
12.653163,0.643299
12.658165,0.887567
12.663166,2.793170
12.668167,0.552096
12.673168,0.845517
12.678170,1.544529
12.683171,0.398410
12.688172,-1.538551
12.693173,-2.109454
12.698175,-5.344809
12.703176,5.670021
12.708177,-0.749993
12.713178,1.333441
12.718180,-2.448295
12.723181,-1.353861
12.728182,-1.153722
12.733183,-0.694413
12.738185,-2.543530
12.743186,0.399255
12.748187,-0.010733
12.753188,-0.191525
12.758190,0.307972
12.763191,2.460128
12.768192,0.518662
12.773193,1.101796
12.778195,2.095301
12.783196,1.149852
12.788197,-0.544002
12.793198,-1.045087
12.798200,-4.126071
12.803201,6.836518
12.808202,0.307164
12.813203,2.265102
12.818205,-1.748643
12.823206,-0.880542
12.828207,-0.973222
12.833208,-0.817675
12.838210,-2.941483
12.843211,-0.257568
12.848212,-0.897746
12.853213,-1.246533
12.858215,-0.823510
12.863216,1.277743
12.868217,-0.607554
12.873218,0.090056
12.878220,1.282726
12.883221,0.528233
12.888222,-0.845628
12.893223,-1.119133
12.898225,-3.815115
12.903226,7.380596
12.908227,1.069103
12.913228,3.245153
12.918230,-0.658524
12.923231,0.299720
12.928232,0.186894
12.933233,0.249293
12.938235,-2.012782
12.943236,0.464496
12.948237,-0.439667
12.953238,-1.075157
12.958240,-0.924163
12.963241,0.865390
12.968242,-1.272328
12.973243,-0.798330
12.978245,0.247850
12.983246,-0.647447
12.988247,-1.997980
12.993248,-2.287673
12.998250,-4.772339
13.003251,6.560217
13.008252,0.458785
13.013253,2.929258
13.018255,-0.705047
13.023256,0.573032
13.028257,0.727413
13.033258,1.022493
13.038260,-1.032922
13.043261,1.578640
13.048262,0.727421
13.053263,0.077234
13.058265,0.166777
13.063266,1.779865
13.068267,-0.557839
13.073268,-0.342207
13.078270,0.438381
13.083271,-0.793920
13.088272,-2.381784
13.093273,-2.997197
13.098275,-5.607684
13.103276,5.514624
13.108277,-0.706993
13.113278,1.760423
13.118280,-1.846844
13.123281,-0.423481
13.128282,-0.095968
13.133283,0.422984
13.138285,-1.347657
13.143286,1.556901
13.148287,0.989400
13.153288,0.611840
13.158290,0.966331
13.163291,2.747249
13.168292,0.551126
13.173293,0.824686
13.178295,1.611461
13.183296,0.252117
13.188297,-1.437859
13.193298,-2.327777
13.198300,-5.098333
13.203301,5.692673
13.208302,-0.844426
13.213303,1.357831
13.218305,-2.531135
13.223306,-1.301067
13.228307,-1.145821
13.233308,-0.734635
13.238310,-2.516429
13.243311,0.438102
13.248312,-0.019085
13.253313,-0.217900
13.258315,0.393657
13.263316,2.420374
13.268317,0.525758
13.273318,1.088011
13.278320,2.168703
13.283321,1.008722
13.288322,-0.438562
13.293323,-1.262170
13.298325,-3.875690
13.303326,6.854027
13.308327,0.212317
13.313328,2.283055
13.318330,-1.835904
13.323331,-0.835233
13.328332,-0.972153
13.333333,-0.866025
13.338335,-2.920154
13.343336,-0.225709
13.348337,-0.910592
13.353338,-1.276371
13.358340,-0.738849
13.363341,1.237350
13.368342,-0.597670
13.373343,0.079936
13.378345,1.361279
13.383346,0.393164
13.388347,-0.732478
13.393348,-1.330016
13.398350,-3.554316
13.403351,7.400726
13.408352,0.982322
13.413353,3.265323
13.418355,-0.741887
13.423356,0.344968
13.428357,0.187216
13.433358,0.197178
13.438360,-1.994872
13.443361,0.489574
13.448362,-0.458964
13.453363,-1.112445
13.458365,-0.846322
13.463366,0.817159
13.468367,-1.267843
13.473368,-0.813412
13.478370,0.322985
13.483371,-0.784359
13.488372,-1.883960
13.493373,-2.497577
13.498375,-4.504534
13.503376,6.581693
13.508377,0.380960
13.513378,2.954642
13.518380,-0.779570
13.523381,0.624764
13.528382,0.734746
13.533383,0.975095
13.538385,-1.009771
13.543386,1.605242
13.548387,0.709094
13.553388,0.038580
13.558390,0.242133
13.563391,1.726152
13.568392,-0.558566
13.573393,-0.364210
13.578395,0.506073
13.583396,-0.938443
13.588397,-2.274140
13.593398,-3.214269
13.598400,-5.341545
13.603401,5.528906
13.608402,-0.783780
13.613403,1.784215
13.618405,-1.917766
13.623406,-0.368637
13.628407,-0.082898
13.633408,0.381209
13.638410,-1.316250
13.643411,1.589973
13.648412,0.978604
13.653413,0.579592
13.658415,1.047670
13.663416,2.696726
13.668417,0.553479
13.673418,0.803188
13.678420,1.677759
13.683421,0.104344
13.688422,-1.334293
13.693423,-2.551798
13.698425,-4.835875
13.703426,5.695754
13.708427,-0.925975
13.713428,1.372801
13.718430,-2.606637
13.723431,-1.251756
13.728432,-1.135561
13.733433,-0.778700
13.738435,-2.483562
13.743436,0.472407
13.748437,-0.025706
13.753438,-0.244993
13.758440,0.481883
13.763441,2.376083
13.768442,0.536139
13.773443,1.073600
13.778445,2.241358
13.783446,0.866207
13.788447,-0.330441
13.793448,-1.484804
13.798450,-3.609537
13.803451,6.851977
13.808452,0.130332
13.813453,2.291514
13.818455,-1.915811
13.823456,-0.793456
13.828457,-0.968736
13.833458,-0.918188
13.838460,-2.893062
13.843461,-0.198364
13.848462,-0.921681
13.853463,-1.306847
13.858465,-0.651664
13.863466,1.192519
13.868467,-0.584495
13.873468,0.069280
13.878470,1.439030
13.883471,0.256861
13.888472,-0.616793
13.893473,-1.546257
13.898475,-3.277926
13.903476,7.401335
13.908477,0.908388
13.913478,3.275927
13.918480,-0.817899
13.923481,0.386608
13.928482,0.189836
13.933483,0.141235
13.938485,-1.971254
13.943486,0.510114
13.948487,-0.476532
13.953488,-1.150339
13.958490,-0.766012
13.963491,0.764561
13.968492,-1.260080
13.973493,-0.828944
13.978495,0.397268
13.983496,-0.922331
13.988497,-1.767515
13.993498,-2.712601
13.998500,-4.221269
14.003501,6.583742
14.008502,0.316022
14.013503,2.970442
14.018505,-0.846702
14.023506,0.672850
14.028507,0.744350
14.033508,0.923867
14.038510,-0.980971
14.043511,1.627266
14.048512,0.692442
14.053513,-0.000687
14.058515,0.319854
14.063516,1.668090
14.068517,-0.556085
14.073518,-0.386629
14.078520,0.572816
14.083521,-1.083893
14.088522,-2.164214
14.093523,-3.436238
14.098525,-5.060084
14.103526,5.523870
14.108527,-0.847623
14.113528,1.798440
14.118530,-1.981215
14.123531,-0.317426
14.128532,-0.067529
14.133533,0.335656
14.138535,-1.279205
14.143536,1.618472
14.148537,0.969461
14.153538,0.546750
14.158540,1.131282
14.163541,2.641872
14.168542,0.558956
14.173543,0.781281
14.178545,1.742971
14.183546,-0.044270
14.188547,-1.228639
14.193548,-2.780546
14.198550,-4.558289
14.203551,5.679580
14.208552,-0.994568
14.213553,1.378192
14.218555,-2.674603
14.223556,-1.206069
14.228557,-1.122969
14.233558,-0.826468
14.238560,-2.445033
14.243561,0.502189
14.248562,-0.030646
14.253563,-0.272608
14.258565,0.572340
14.263566,2.327530
14.268567,0.549602
14.273568,1.058819
14.278570,2.312816
14.283571,0.722950
14.288572,-0.220433
14.293573,-1.712009
14.298575,-3.328482
14.303576,6.830699
14.308577,0.061267
14.313578,2.290333
14.318580,-1.988177
14.323581,-0.755345
14.328582,-0.963001
14.333583,-0.974018
14.338585,-2.860316
14.343586,-0.175508
14.348587,-0.931066
14.353588,-1.337762
14.358590,-0.562264
14.363591,1.143529
14.368592,-0.568236
14.373593,0.058348
14.378595,1.515522
14.383596,0.119968
14.388597,-0.499368
14.393598,-1.766868
14.398600,-2.986825
14.403601,7.382770
14.408602,0.847347
14.413603,3.276830
14.418605,-0.886381
14.423606,0.424512
14.428607,0.194720
14.433608,0.081614
14.438610,-1.942043
14.443611,0.526143
14.448612,-0.492425
14.453613,-1.188637
14.458615,-0.683546
14.463616,0.707879
14.468617,-1.249250
14.473618,-0.844665
14.478620,0.470244
14.483621,-1.060717
14.488622,-1.649447
14.493623,-2.931748
14.498625,-3.923438
14.503626,6.566730
14.508627,0.263999
14.513628,2.976532
14.518630,-0.906273
14.523631,0.717167
14.528632,0.756187
14.533633,0.868961
14.538635,-0.946644
14.543636,1.644745
14.548637,0.677405
14.553638,-0.040360
14.558640,0.399624
14.563641,1.605966
14.568642,-0.550607
14.573643,-0.409202
14.578645,0.638153
14.583646,-1.229621
14.588647,-2.052811
14.593648,-3.662099
14.598650,-4.764209
14.603651,5.499896
14.608652,-0.898509
14.613653,1.802983
14.618655,-2.037030
14.623656,-0.269965
14.628657,-0.049907
14.633658,0.286482
14.638660,-1.236648
14.643661,1.642435
14.648662,0.961907
14.653663,0.513522
14.658665,1.216846
14.663666,2.582976
14.668667,0.567340
14.673668,0.759227
14.678670,1.806639
14.683671,-0.193072
14.688672,-1.121708
14.693673,-3.013009
14.698675,-4.266497
14.703676,5.644548
14.708677,-1.050203
14.713678,1.373903
14.718680,-2.734882
14.723681,-1.164116
14.728682,-1.108093
14.733683,-0.877775
14.738685,-2.400975
14.743686,0.527491
14.748687,-0.033971
14.753688,-0.300533
14.758690,0.664707
14.763691,2.275006
14.768692,0.565929
14.773693,1.043936
14.778695,2.382616
14.783696,0.579603
14.788697,-0.109350
14.793698,-1.942767
14.798700,-3.033460
14.803701,6.790608
14.808702,0.005108
14.813703,2.279423
14.818705,-2.052857
14.823706,-0.721004
14.828707,-0.955001
14.833708,-1.033346
14.838710,-2.822054
14.843711,-0.157095
14.848712,-0.938816
14.853713,-1.368902
14.858715,-0.470975
14.863716,1.090677
14.868717,-0.549114
14.873718,0.047405
14.878720,1.590297
14.883721,-0.016858
14.888722,-0.381022
14.893723,-1.990822
14.898725,-2.681963
14.903726,7.345462
14.908727,0.799169
14.913728,3.267953
14.918730,-0.947198
14.923731,0.458584
14.928732,0.201808
14.933733,0.018490
14.938735,-1.907384
14.943736,0.537716
14.948737,-0.506717
14.953738,-1.227122
14.958740,-0.599254
14.963741,0.647412
14.968742,-1.235577
14.973743,-0.860306
14.978745,0.541451
14.983746,-1.198861
14.988747,-1.530577
14.993748,-3.153983
14.998750,-3.612004
15.003751,6.531102
15.008752,0.224847
15.013753,2.972846
15.018755,-0.958156
15.023756,0.757624
15.028757,0.770192
15.033758,0.810558
15.038760,-0.906939
15.043761,1.657736
15.048762,0.663905
15.053763,-0.080222
15.058765,0.481111
15.063766,1.540084
15.068767,-0.542361
15.073768,-0.431657
15.078770,0.701623
15.083771,-1.374968
15.088772,-1.940755
15.093773,-3.890810
15.098775,-4.454897
15.103776,5.457447
15.108777,-0.936495
15.113778,1.797790
15.118780,-2.085092
15.123781,-0.226339
15.128782,-0.030100
15.133783,0.233873
15.138785,-1.188734
15.143786,1.661926
15.148787,0.955863
15.153788,0.480128
15.158790,1.304026
15.163791,2.520346
15.168792,0.578401
15.173793,0.737299
15.178795,1.868303
15.183796,-0.341404
15.188797,-1.014327
15.193798,-3.248135
15.198800,-3.961487
15.203801,5.591137
15.208802,-1.092952
15.213803,1.359890
15.218805,-2.787362
15.223806,-1.125976
15.228807,-1.091007
15.233808,-0.932434
15.238810,-2.351548
15.243811,0.548379
15.248812,-0.035766
15.253813,-0.328547
15.258815,0.758644
15.263816,2.218824
15.268817,0.584885
15.273818,1.029222
15.278820,2.450296
15.283821,0.436829
15.288822,0.001976
15.293823,-2.176018
15.298825,-2.725471
15.303826,6.732196
15.308827,-0.038230
15.313828,2.258751
15.318830,-2.109749
15.323831,-0.690506
15.328832,-0.944816
15.333833,-1.095979
15.338835,-2.778440
15.343836,-0.143052
15.348837,-0.945018
15.353838,-1.400043
15.358840,-0.378140
15.363841,1.034276
15.368842,-0.527368
15.373843,0.036728
15.378845,1.662892
15.383846,-0.152958
15.388847,-0.262589
15.393848,-2.217054
15.398850,-2.364354
15.403851,7.289920
15.408852,0.763754
15.413853,3.249276
15.418855,-1.000257
15.423856,0.488756
15.428857,0.211019
15.433858,-0.047940
15.438860,-1.867445
15.443861,0.544908
15.448862,-0.519497
15.453863,-1.265566
15.458865,-0.513479
15.463866,0.583479
15.468867,-1.219300
15.473868,-0.875590
15.478870,0.610427
15.483871,-1.336098
15.488872,-1.411741
15.493873,-3.378236
15.498875,-3.287994
15.503876,6.477382
15.508877,0.198453
15.513878,2.959373
15.518880,-1.002267
15.523881,0.794161
15.528882,0.786277
15.533883,0.748861
15.538885,-0.862031
15.543886,1.666320
15.548887,0.651852
15.553888,-0.120043
15.558890,0.563970
15.563891,1.470765
15.568892,-0.531588
15.573893,-0.453717
15.578895,0.762764
15.583896,-1.519270
15.588897,-1.828886
15.593898,-4.121294
15.598900,-4.133184
15.603901,5.397063
15.608902,-0.961710
15.613903,1.782861
15.618905,-2.125328
15.623906,-0.186603
15.628907,-0.008202
15.633908,0.178035
15.638910,-1.135643
15.643911,1.677028
15.648912,0.951234
15.653913,0.446800
15.658915,1.392476
15.663916,2.454306
15.668917,0.591895
15.673918,0.715777
15.678920,1.927498
15.683921,-0.488600
15.688922,-0.907337
15.693923,-3.484843
15.698925,-3.644309
15.703926,5.519902
15.708927,-1.122959
15.713928,1.336166
15.718930,-2.831979
15.723931,-1.091697
15.728932,-1.071809
15.733933,-0.990230
15.738935,-2.296937
15.743936,0.564942
15.748937,-0.036127
15.753938,-0.356415
15.758940,0.853802
15.763941,2.159311
15.768942,0.606223
15.773943,1.014958
15.778945,2.515392
15.783946,0.295292
15.788947,0.112702
15.793948,-2.410675
15.798950,-2.405577
15.803951,6.656034
15.808952,-0.068903
15.813953,2.228342
15.818955,-2.158797
15.823956,-0.663891
15.828957,-0.932545
15.833958,-1.161698
15.838960,-2.729666
15.843961,-0.133285
15.848962,-0.949772
15.853963,-1.430949
15.858965,-0.284110
15.863966,0.974658
15.868967,-0.503247
15.873968,0.026595
15.878970,1.732842
15.883971,-0.287666
15.888972,-0.144914
15.893973,-2.444471
15.898975,-2.035070
15.903976,7.216728
15.908977,0.740932
15.913978,3.220833
15.918980,-1.045509
15.923981,0.514994
15.928982,0.222247
15.933983,-0.117451
15.938985,-1.822423
15.943986,0.547818
15.948987,-0.530867
15.953988,-1.303734
15.958990,-0.426575
15.963991,0.516413
15.968992,-1.200673
15.973993,-0.890238
15.978995,0.676709
15.983996,-1.471765
15.988997,-1.293788
15.993998,-3.603408
15.999000,-2.952493
16.004001,6.406171
16.009002,0.184631
16.014004,2.936160
16.019005,-1.038568
16.024006,0.826748
16.029007,0.804332
16.034009,0.684098
16.039010,-0.812120
16.044011,1.670599
16.049012,0.641140
16.054014,-0.159584
16.059015,0.647842
16.064016,1.398347
16.069017,-0.518543
16.074019,-0.475101
16.079020,0.821112
16.084021,-1.661863
16.089022,-1.718051
16.094024,-4.352446
16.099025,-3.800167
16.104026,5.319358
16.109027,-0.974351
16.114029,1.758254
16.119030,-2.157706
16.124031,-0.150780
16.129032,0.015674
16.134034,0.119201
16.139035,-1.077583
16.144036,1.687849
16.149037,0.947911
16.154039,0.413778
16.159040,1.481835
16.164041,2.385196
16.169042,0.607565
16.174044,0.694941
16.179045,1.983763
16.184046,-0.633995
16.189047,-0.801588
16.194049,-3.722022
16.199050,-3.316069
16.204051,5.431472
16.209052,-1.140433
16.214054,1.302800
16.219055,-2.868709
16.224056,-1.061297
16.229057,-1.050617
16.234059,-1.050929
16.239060,-2.237353
16.244061,0.577292
16.249062,-0.035166
16.254064,-0.383898
16.259065,0.949818
16.264066,2.096807
16.269067,0.629684
16.274069,1.001425
16.279070,2.577444
16.284071,0.155656
16.289072,0.221978
16.294074,-2.645622
16.299075,-2.074895
16.304076,6.562766
16.309077,-0.087138
16.314079,2.188275
16.319080,-2.199986
16.324081,-0.641171
16.329082,-0.918313
16.334084,-1.230263
16.339085,-2.675947
16.344086,-0.127679
16.349087,-0.953191
16.354089,-1.461376
16.359090,-0.189250
16.364091,0.912166
16.369092,-0.477011
16.374094,0.017289
16.379095,1.799686
16.384096,-0.420317
16.389097,-0.028849
16.394099,-2.671953
16.399100,-1.695240
16.404101,7.126544
16.409102,0.730464
16.414104,3.182717
16.419105,-1.082949
16.424106,0.537290
16.429107,0.235363
16.434109,-0.189800
16.439110,-1.772537
16.444111,0.546565
16.449112,-0.540944
16.454114,-1.341380
16.459115,-0.338908
16.464116,0.446561
16.469117,-1.179956
16.474119,-0.903966
16.479120,0.739835
16.484121,-1.605198
16.489122,-1.177569
16.494124,-3.828374
16.499125,-2.606636
16.504126,6.318138
16.509127,0.183129
16.514129,2.903309
16.519130,-1.067061
16.524131,0.855384
16.529132,0.824225
16.534134,0.616517
16.539135,-0.757433
16.544136,1.670700
16.549137,0.631650
16.554139,-0.198598
16.559140,0.732362
16.564141,1.323178
16.569142,-0.503489
16.574144,-0.495524
16.579145,0.876208
16.584146,-1.802083
16.589147,-1.609105
16.594149,-4.583138
16.599150,-3.456993
16.604151,5.225016
16.609152,-0.974686
16.614154,1.724082
16.619155,-2.182238
16.624156,-0.118865
16.629157,0.041389
16.634159,0.057623
16.639160,-1.014782
16.644161,1.694517
16.649162,0.945772
16.654164,0.381310
16.659165,1.571735
16.664166,2.313367
16.669167,0.625146
16.674169,0.675075
16.679170,2.036640
16.684171,-0.776927
16.689172,-0.697933
16.694174,-3.958540
16.699175,-2.977923
16.704176,5.326546
16.709177,-1.145656
16.714179,1.259915
16.719180,-2.897574
16.724181,-1.034763
16.729182,-1.027574
16.734184,-1.114271
16.739185,-2.173032
16.744186,0.585561
16.749187,-0.033007
16.754189,-0.410744
16.759190,1.046321
16.764191,2.031667
16.769192,0.655002
16.774194,0.988907
16.779195,2.635993
16.784196,0.018583
16.789197,0.328949
16.794199,-2.879723
16.799200,-1.734591
16.804201,6.453105
16.809202,-0.093225
16.814204,2.138686
16.819205,-2.233345
16.824206,-0.622329
16.829207,-0.902264
16.834209,-1.301412
16.839210,-2.617523
16.844211,-0.126098
16.849212,-0.955403
16.854214,-1.491075
16.859215,-0.093931
16.864216,0.847155
16.869217,-0.448930
16.874219,0.009092
16.879220,1.862969
16.884221,-0.550253
16.889222,0.084751
16.894224,-2.898361
16.899225,-1.346040
16.904226,7.020095
16.909227,0.732045
16.914229,3.135072
16.919230,-1.112613
16.924231,0.555671
16.929232,0.250218
16.934234,-0.264719
16.939235,-1.718031
16.944236,0.541291
16.949237,-0.549857
16.954239,-1.378250
16.959240,-0.250851
16.964241,0.374281
16.969242,-1.157420
16.974244,-0.916492
16.979245,0.799352
16.984246,-1.735738
16.989247,-1.063939
16.994249,-4.051992
16.999250,-2.251612
17.004251,6.214025
17.009252,0.193629
17.014254,2.860976
17.019255,-1.087792
17.024256,0.880100
17.029257,0.845801
17.034259,0.546388
17.039260,-0.698217
17.044261,1.666764
17.049262,0.623251
17.054264,-0.236832
17.059265,0.817154
17.064266,1.245618
17.069267,-0.486697
17.074269,-0.514706
17.079270,0.927600
17.084271,-1.939273
17.089272,-1.502900
17.094274,-4.812223
17.099275,-3.104857
17.104276,5.114792
17.109277,-0.963044
17.114279,1.680513
17.119280,-2.198978
17.124281,-0.090823
17.129282,0.068785
17.134284,-0.006424
17.139285,-0.947494
17.144286,1.697179
17.149287,0.944685
17.154289,0.349651
17.159290,1.661799
17.164291,2.239181
17.169292,0.644365
17.174294,0.656461
17.179295,2.085678
17.184296,-0.916740
17.189297,-0.597226
17.194299,-4.193247
17.199300,-2.631076
17.204301,5.205891
17.209302,-1.138969
17.214304,1.207691
17.219305,-2.918633
17.224306,-1.012056
17.229307,-1.002840
17.234309,-1.179981
17.239310,-2.104232
17.244311,0.589900
17.249312,-0.029788
17.254314,-0.436699
17.259315,1.142935
17.264316,1.964253
17.269317,0.681901
17.274319,0.977684
17.279320,2.690592
17.284321,-0.115274
17.289322,0.432763
17.294324,-3.111828
17.299325,-1.385877
17.304326,6.327830
17.309327,-0.087520
17.314329,2.079765
17.319330,-2.258943
17.324331,-0.607316
17.329332,-0.884565
17.334334,-1.374863
17.339335,-2.554654
17.344336,-0.128386
17.349337,-0.956546
17.354339,-1.519789
17.359340,0.001467
17.364341,0.779990
17.369342,-0.419278
17.374344,0.002286
17.379345,1.922244
17.384346,-0.676822
17.389347,0.195034
17.394349,-3.122541
17.399350,-0.988689
17.404351,6.898171
17.409352,0.745306
17.414354,3.078099
17.419355,-1.134580
17.424356,0.570187
17.429357,0.266643
17.434359,-0.341923
17.439360,-1.659171
17.444361,0.532155
17.449362,-0.557745
17.454364,-1.414089
17.459365,-0.162784
17.464366,0.299939
17.469367,-1.133342
17.474369,-0.927535
17.479370,0.854815
17.484371,-1.862737
17.489372,-0.953750
17.494374,-4.273108
17.499375,-1.888648
17.504376,6.094633
17.509377,0.215749
17.514379,2.809370
17.519380,-1.100848
17.524381,0.900953
17.529382,0.868888
17.534384,0.474002
17.539385,-0.634742
17.544386,1.658955
17.549387,0.615801
17.554389,-0.274026
17.559390,0.901839
17.564391,1.166035
17.569392,-0.468446
17.574394,-0.532365
17.579395,0.974846
17.584396,-2.072787
17.589397,-1.400286
17.594399,-5.038545
17.599400,-2.744996
17.604401,4.989500
17.609402,-0.939820
17.614404,1.627766
17.619405,-2.208022
17.624406,-0.066590
17.629407,0.097686
17.634409,-0.072647
17.639410,-0.875994
17.644411,1.696002
17.649412,0.944504
17.654414,0.319059
17.659415,1.751647
17.664416,2.163006
17.669417,0.664944
17.674419,0.639379
17.679420,2.130438
17.684421,-1.052791
17.689422,-0.500313
17.694424,-4.424984
17.699425,-2.276770
17.704426,5.070333
17.709427,-1.120778
17.714429,1.146357
17.719430,-2.931992
17.724431,-0.993105
17.729432,-0.976597
17.734434,-1.247760
17.739435,-2.031229
17.744436,0.590479
17.749437,-0.025652
17.754439,-0.461504
17.759440,1.239276
17.764441,1.894937
17.769442,0.710101
17.774444,0.968035
17.779445,2.740802
17.784446,-0.245274
17.789447,0.532574
17.794449,-3.340774
17.799450,-1.030005
17.804451,6.187780
17.809452,-0.070442
17.814454,2.011750
17.819455,-2.276891
17.824456,-0.596060
17.829457,-0.865400
17.834459,-1.450315
17.839460,-2.487624
17.844461,-0.134370
17.849462,-0.956766
17.854464,-1.547258
17.859465,0.096562
17.864466,0.711044
17.869467,-0.388338
17.874469,-0.002853
17.879470,1.977075
17.884471,-0.799386
17.889472,0.301157
17.894474,-3.343332
17.899475,-0.624448
17.904476,6.761624
17.909477,0.769818
17.914479,3.012047
17.919480,-1.148969
17.924481,0.580920
17.929482,0.284450
17.934484,-0.421107
17.939485,-1.596243
17.944486,0.519333
17.949487,-0.564757
17.954489,-1.448634
17.959490,-0.075091
17.964491,0.223910
17.969492,-1.108003
17.974494,-0.936819
17.979495,0.905792
17.984496,-1.985558
17.989497,-0.847842
17.994499,-4.490557
17.999500,-1.519010
18.004501,5.960826
18.009502,0.249048
18.014504,2.748753
18.019505,-1.106356
18.024506,0.918029
18.029507,0.893293
18.034509,0.399665
18.039510,-0.567299
18.044511,1.647454
18.049512,0.609150
18.054514,-0.309921
18.059515,0.986032
18.064516,1.084806
18.069517,-0.449016
18.074519,-0.548227
18.079520,1.017517
18.084521,-2.201990
18.089522,-1.302102
18.094524,-5.260939
18.099525,-2.378680
18.104526,4.850014
18.109527,-0.905466
18.114529,1.566110
18.119530,-2.209503
18.124531,-0.046076
18.129532,0.127895
18.134534,-0.140737
18.139535,-0.800576
18.144536,1.691169
18.149537,0.945078
18.154539,0.289796
18.159540,1.840892
18.164541,2.085221
18.169542,0.686599
18.174544,0.624101
18.179545,2.170492
18.184546,-1.184448
18.189547,-0.408031
18.194549,-4.652586
18.199550,-1.916285
18.204551,4.920759
18.209552,-1.091548
18.214554,1.076193
18.219555,-2.937792
18.224556,-0.977814
18.229557,-0.949045
18.234559,-1.317296
18.239560,-1.954323
18.244561,0.587483
18.249562,-0.020755
18.254564,-0.484897
18.259565,1.334959
18.264566,1.824095
18.269567,0.739322
18.274569,0.960232
18.279570,2.786199
18.284571,-0.370789
18.289572,0.627548
18.294574,-3.565397
18.299575,-0.668259
18.304576,6.033852
18.309577,-0.042465
18.314579,1.934934
18.319580,-2.287340
18.324581,-0.588457
18.329582,-0.844971
18.334584,-1.527452
18.339585,-2.416733
18.344586,-0.143860
18.349587,-0.956220
18.354589,-1.573220
18.359590,0.190967
18.364591,0.640695
18.369592,-0.356391
18.374594,-0.006055
18.379595,2.027041
18.384596,-0.917322
18.389597,0.402288
18.394599,-3.559568
18.399600,-0.254606
18.404601,6.611361
18.409602,0.805093
18.414604,2.937217
18.419605,-1.155938
18.424606,0.587975
18.429607,0.303432
18.434609,-0.501951
18.439610,-1.529552
18.444611,0.503020
18.449612,-0.571050
18.454614,-1.481625
18.459615,0.011843
18.464616,0.146572
18.469617,-1.081686
18.474619,-0.944077
18.479620,0.951863
18.484621,-2.103584
18.489622,-0.747043
18.494624,-4.703175
18.499625,-1.143996
18.504626,5.813521
18.509627,0.293027
18.514629,2.679432
18.519630,-1.104480
18.524631,0.931438
18.529632,0.918806
18.534634,0.323701
18.539635,-0.496196
18.544636,1.632457
18.549637,0.603138
18.554639,-0.344253
18.559640,1.069347
18.564641,1.002310
18.569642,-0.428689
18.574644,-0.562024
18.579645,1.055196
18.584646,-2.326268
18.589647,-1.209173
18.594649,-5.478241
18.599650,-2.007214
18.604651,4.697263
18.609652,-0.860491
18.614654,1.495866
18.619655,-2.203596
18.624656,-0.029164
18.629657,0.159200
18.634659,-0.210367
18.639660,-0.721551
18.644661,1.682878
18.649662,0.946247
18.654664,0.262124
18.659665,1.929149
18.664666,2.006204
18.669667,0.709050
18.674669,0.610894
18.679670,2.205430
18.684671,-1.311100
18.689672,-0.321201
18.694674,-4.874890
18.699675,-1.550928
18.704676,4.758107
18.709677,-1.051799
18.714679,0.997529
18.719680,-2.936212
18.724681,-0.966063
18.729682,-0.920399
18.734684,-1.388259
18.739685,-1.873830
18.744686,0.581116
18.749687,-0.015258
18.754689,-0.506616
18.759690,1.429597
18.764691,1.752108
18.769692,0.769278
18.774694,0.954538
18.779695,2.826376
18.784696,-0.491213
18.789697,0.716868
18.794699,-3.784534
18.799700,-0.301952
18.804701,5.866994
18.809702,-0.004120
18.814704,1.849653
18.819705,-2.290476
18.824706,-0.584382
18.829707,-0.823498
18.834709,-1.605940
18.839710,-2.342301
18.844711,-0.156652
18.849712,-0.955071
18.854714,-1.597412
18.859715,0.284296
18.864716,0.569323
18.869717,-0.323721
18.874719,-0.007058
18.879720,2.071737
18.884721,-1.030027
18.889722,0.497614
18.894724,-3.770088
18.899725,0.119519
18.904726,6.448339
18.909727,0.850591
18.914729,2.853955
18.919730,-1.155680
18.924731,0.591486
18.929732,0.323368
18.934734,-0.584120
18.939735,-1.459419
18.944736,0.483421
18.949737,-0.576788
18.954739,-1.512797
18.959740,0.097633
18.964741,0.068306
18.969742,-1.054673
18.974744,-0.949047
18.979745,0.992630
18.984746,-2.216215
18.989747,-0.652165
18.994749,-4.909802
18.999750,-0.764926
19.004751,5.653685
19.009752,0.347136
19.014754,2.601765
19.019755,-1.095424
19.024756,0.941318
19.029757,0.945203
19.034759,0.246448
19.039760,-0.421758
19.044761,1.614173
19.049762,0.597603
19.054764,-0.376760
19.059765,1.151399
19.064766,0.918927
19.069767,-0.407750
19.074769,-0.573500
19.079770,1.087490
19.084771,-2.445028
19.089772,-1.122304
19.094774,-5.689292
19.099775,-1.631923
19.104776,4.532221
19.109777,-0.805459
19.114779,1.417396
19.119780,-2.190509
19.124781,-0.015714
19.129782,0.191371
19.134784,-0.281196
19.139785,-0.639249
19.144786,1.671343
19.149787,0.947843
19.154789,0.236304
19.159790,2.016034
19.164791,1.926338
19.169792,0.732013
19.174794,0.600013
19.179795,2.234859
19.184796,-1.432159
19.189797,-0.240624
19.194799,-5.090738
19.199800,-1.182028
19.204801,4.583362
19.209802,-1.002101
19.214804,0.910737
19.219805,-2.927471
19.224806,-0.957706
19.229807,-0.890890
19.234809,-1.460305
19.239810,-1.790080
19.244811,0.571591
19.249812,-0.009329
19.254814,-0.526400
19.259815,1.522807
19.264816,1.679357
19.269817,0.799688
19.274819,0.951206
19.279820,2.860945
19.284821,-0.605962
19.289822,0.799738
19.294824,-3.997029
19.299825,0.067583
19.304826,5.688200
19.309827,0.044012
19.314829,1.756290
19.319830,-2.286522
19.324831,-0.583683
19.329832,-0.801214
19.334834,-1.685434
19.339835,-2.264662
19.344836,-0.172527
19.349837,-0.953486
19.354839,-1.619575
19.359840,0.376166
19.364841,0.497309
19.369842,-0.290610
19.374844,-0.005611
19.379845,2.110780
19.384846,-1.136922
19.389847,0.586342
19.394849,-3.973740
19.399850,0.496588
19.404851,6.273561
19.409852,0.905720
19.414854,2.762653
19.419855,-1.148427
19.424856,0.591606
19.429857,0.344022
19.434859,-0.667266
19.439860,-1.386182
19.444861,0.460759
19.449862,-0.582140
19.454864,-1.541892
19.459865,0.181894
19.464866,-0.010507
19.469867,-1.027245
19.474869,-0.951483
19.479870,1.027712
19.484871,-2.322878
19.489872,-0.563993
19.494874,-5.109289
19.499875,-0.383143
19.504876,5.482328
19.509877,0.410771
19.514879,2.516149
19.519880,-1.079425
19.524881,0.947829
19.529882,0.972245
19.534884,0.168256
19.539885,-0.344324
19.544886,1.592827
19.549887,0.592373
19.554889,-0.407183
19.559890,1.231806
19.564891,0.835040
19.569892,-0.386477
19.574894,-0.582407
19.579895,1.114022
19.584896,-2.557699
19.589897,-1.042276
19.594899,-5.892945
19.599900,-1.254150
19.604901,4.355910
19.609902,-0.740979
19.614904,1.331111
19.619905,-2.170488
19.624906,-0.005561
19.629907,0.224167
19.634909,-0.352872
19.639910,-0.554012
19.644911,1.656789
19.649912,0.949698
19.654914,0.212597
19.659915,2.101164
19.664916,1.846002
19.669917,0.755209
19.674919,0.591701
19.679920,2.258410
19.684921,-1.547061
19.689922,-0.167075
19.694924,-5.298986
19.699925,-0.810933
19.704926,4.397553
19.709927,-0.943076
19.714929,0.816234
19.719930,-2.911819
19.724931,-0.952573
19.729932,-0.860764
19.734934,-1.533081
19.739935,-1.703420
19.744936,0.559137
19.749937,-0.003139
19.754939,-0.543992
19.759940,1.614206
19.764941,1.606222
19.769942,0.830275
19.774944,0.950475
19.779945,2.889539
19.784946,-0.714478
19.789947,0.875387
19.794949,-4.201743
19.799950,0.438998
19.804951,5.498507
19.809952,0.101301
19.814954,1.655271
19.819955,-2.275738
19.824956,-0.586187
19.829957,-0.778365
19.834959,-1.765576
19.839960,-2.184163
19.844961,-0.191255
19.849962,-0.951637
19.854964,-1.639452
19.859965,0.466196
19.864966,0.425033
19.869967,-0.257335
19.874969,-0.001479
19.879970,2.143809
19.884971,-1.237457
19.889972,0.667708
19.894974,-4.169386
19.899975,0.875252
19.904976,6.088071
19.909977,0.969842
19.914979,2.663743
19.919980,-1.134443
19.924981,0.588514
19.929982,0.365145
19.934984,-0.751028
19.939985,-1.310191
19.944986,0.435266
19.949987,-0.587277
19.954989,-1.568652
19.959990,0.264249
19.964991,-0.089485
19.969992,-0.999679
19.974994,-0.951150
19.979995,1.056754
19.984996,-2.423027
19.989997,-0.483287
19.994999,-5.300501
20.000000,-0.000000
