Time,Amplitude
0.00025,1.2273044089884255
0.0005,1.254598423582073
0.00075,1.1668716507300136
0.001,1.0101137000688267
0.00125,0.8303141852658742
0.0015,0.6758627253619996
0.00175,0.5705489461134603
0.002,0.5285624813329013
0.00225,0.5514929742291796
0.0025,0.6313300787458485
0.00275,0.7540634608981063
0.003,0.9016828001080276
0.00325,1.0571777905378765
0.0035,1.2075381424213207
0.00375,1.3467535833923476
0.004,1.4729138598117038
0.00425,1.5886087380906542
0.0045,1.6977280060118893
0.00475,1.802661474047378
0.005,1.9054989766729824
0.00525,2.007830373679653
0.0055,2.1106455514810087
0.00575,2.214454424417122
0.006,2.319446936054315
0.00625,2.4251930604807974
0.0065,2.531842803597941
0.00675,2.6395262044070225
0.007,2.7482333362912454
0.00725,2.857954308292857
0.0075,2.968679266385188
0.00775,3.0801983947394174
0.008,3.1924019169858964
0.00825,3.3062800974698514
0.0085,3.419823242501272
0.00875,3.5330217015988348
0.009,3.64686586872765
0.00925,3.7613461835306943
0.0095,3.8744531325537173
0.00975,3.986177250463476
0.01,4.0975091212591135
0.01025,4.207439379476506
0.0105,4.314958711385415
0.01075,4.420057856179274
0.011,4.522727607157428
0.01125,4.622958812899691
0.0115,4.719742378433005
0.01175,4.8140692663900895
0.012,4.903930498159877
0.01225,4.9913171550295905
0.0125,5.074220379318301
0.01275,5.152631375501793
0.013,5.228541411328601
0.01325,5.299941818927036
0.0135,5.369823995903055
0.01375,5.436179406428833
0.014,5.499999582321852
0.01425,5.562276124114388
0.0145,5.622000702113233
0.01475,5.680165057449483
0.015,5.737761003118291
0.01525,5.793780425008386
0.0155,5.848215282921246
0.01575,5.903057611579786
0.016,5.957299521626386
0.01625,6.010933200610169
0.0165,6.065950913963329
0.01675,6.12034500596644
0.017,6.174707900702557
0.01725,6.230232102999999
0.0175,6.286610199363691
0.01775,6.3439348588949045
0.018,6.402198834199314
0.01825,6.4613249622831965
0.0185,6.521136165437667
0.01875,6.58155545211086
0.019,6.642605917767871
0.01925,6.704060745738408
0.0195,6.765913208051968
0.01975,6.828056666260485
0.02,6.890384572248298
0.02025,6.952890469029342
0.0205,7.015367991531439
0.02075,7.0779108673676
0.021,7.140312917594226
0.02125,7.2024680574560875
0.0215,7.264470297118003
0.02175,7.32601374238312
0.022,7.387292595397653
0.02225,7.448001155342062
0.0225,7.508133819108504
0.02275,7.567685081964503
0.023,7.626649538202753
0.02325,7.6849218817769325
0.0235,7.742596906923496
0.02375,7.799669508769303
0.024,7.85623468392505
0.02425,7.912487531064398
0.0245,7.968323251488735
0.02475,8.023937149677478
0.025,8.079524633823876
0.02525,8.135281216356194
0.0255,8.191202514444276
0.02575,8.247594250491344
0.026,8.304662252611035
0.02625,8.36261245508957
0.0265,8.421750898833038
0.02675,8.482233731799665
0.027,8.543857209417132
0.02725,8.606417694984735
0.0275,8.669811660060496
0.02775,8.733635684833027
0.028,8.797486458478245
0.02825,8.860460779500762
0.0285,8.921555556060014
0.02875,8.980767806281008
0.029,9.038094658549712
0.02925,9.090533351793024
0.0295,9.139081235743284
0.02975,9.181735771187306
0.03,9.218494530199917
0.03025,9.250355196361953
0.0305,9.276315564962681
0.03075,9.29637354318669
0.031,9.312527150285137
0.03125,9.323774517731428
0.0315,9.331113889361221
0.03175,9.33654362149684
0.032,9.339062183056026
0.03225,9.340668155645009
0.0325,9.342360233635972
0.03275,9.344137224228808
0.033,9.346898047497245
0.03325,9.351141736419303
0.0335,9.356867436892097
0.03375,9.363874407730993
0.034,9.371492020653141
0.03425,9.378569760245357
0.0345,9.38367722391641
0.03475,9.385104121833717
0.035,9.380610276844452
0.03525,9.367895624381092
0.0355,9.347060212351458
0.03575,9.322804201013218
0.036,9.30162786283292
0.03625,9.296531582329587
0.0365,9.319515855902877
0.03675,9.383581291645868
0.037,9.5045286091425
0.03725,9.685958639249707
0.0375,9.919272323864275
0.03775,10.179670715674488
0.038,10.431154977896592
0.03825,10.620726383996141
0.0385,10.71338631739424
0.03875,10.675136271158795
0.039,10.510977847680763
0.03925,10.266912758335497
0.0395,9.989942823129253
0.03975,9.72606997033087
0.04,9.506796236088752
0.04025,9.348623764033155
0.0405,9.255054804863901
0.04075,9.222591715923565
0.041,9.232236960756161
0.04125,9.266993108651523
0.0415,9.311862834175306
0.04175,9.357848916684818
0.042,9.395954239830656
0.04225,9.420281791044319
0.0425,9.431534661011817
0.04275,9.434016043133385
0.043,9.430829232969405
0.04325,9.424417627672616
0.0435,9.416584725406674
0.04375,9.408524124751223
0.044,9.400769524093498
0.04425,9.393194721006621
0.0445,9.385673611614656
0.04475,9.378510189944524
0.045,9.371808547264918
0.04525,9.365572871412258
0.0455,9.359807446103867
0.04575,9.354116650238431
0.046,9.349604957183875
0.04625,9.345276934052741
0.0465,9.341137240965232
0.04675,9.336190630299981
0.047,9.332441945932718
0.04725,9.327896122462914
0.0475,9.322558184428543
0.04775,9.317433245509088
0.048,9.31052650771691
0.04825,9.3018432605771
0.0485,9.291388880295964
0.04875,9.279168828918248
0.049,9.264188653473258
0.04925,9.247453985109978
0.0495,9.22697053822136
0.04975,9.20374410955789
0.05,9.177780577330577
0.05025,9.147085900303516
0.0505,9.113666116876168
0.05075,9.075527344155459
0.051,9.033675777017901
0.05125,8.988117687161841
0.0515,8.939859422149993
0.05175,8.88790740444242
0.052,8.83226813042007
0.05225,8.774948169399078
0.0525,8.714954162635934
0.05275,8.652292822323702
0.053,8.587970930579418
0.05325,8.521995338422863
0.0535,8.454372964746813
0.05375,8.385110795278989
0.054,8.315215881535782
0.05425,8.244695339768025
0.0545,8.17355634989886
0.05475,8.103806154453945
0.055,8.032452057484102
0.05525,7.963501423480649
0.0555,7.893961676283477
0.05575,7.825840297982158
0.056,7.758344827810131
0.05625,7.69158286103223
0.0565,7.625662047825685
0.05675,7.5603900921547496
0.057,7.495974750639152
0.05725,7.432123831416537
0.0575,7.36904519299907
0.05775,7.306446743124365
0.058,7.24442643760092
0.05825,7.182852279148243
0.0585,7.121624316231835
0.05875,7.060654641893196
0.059,6.999837392575036
0.05925,6.939058746941905
0.0595,6.8782769246963555
0.05975,6.817410185390851
0.06,6.756596827235617
0.06025,6.695545185902579
0.0605,6.6342636333255705
0.06075,6.572860576497038
0.061,6.511144456261342
0.06125,6.449123746104916
0.0615,6.387006950943417
0.06175,6.3246026059060565
0.062,6.262119275117309
0.06225,6.199465550476159
0.0625,6.136850050433099
0.06275,6.074281418765014
0.063,6.011948323348188
0.06325,5.949879454929579
0.0635,5.888143525896553
0.06375,5.827059269045285
0.064,5.7669954363479565
0.06425,5.708240797718996
0.0645,5.651044139780497
0.06475,5.595464264627015
0.065,5.541709988589946
0.06525,5.489790141001613
0.0655,5.439713562959322
0.06575,5.390889106089488
0.066,5.343925631312096
0.06625,5.298732007605589
0.0665,5.254317110772463
0.06675,5.209689822205657
0.067,5.164859027655996
0.06725,5.1178336160008175
0.0675,5.067622478013991
0.06775,5.015234505137493
0.068,4.958678588254735
0.06825,4.897963616465803
0.0685,4.832098475864812
0.06875,4.762092048319544
0.069,4.686953210253524
0.06925,4.607690831430759
0.0695,4.52331377374329
0.06975,4.43583089000171
0.07,4.34525102272889
0.07025,4.252583002957013
0.0705,4.159835649028155
0.07075,4.067017765398527
0.071,3.97413814144662
0.07125,3.8822055502853616
0.0715,3.7922287475784895
0.07175,3.703716470361316
0.072,3.6170774358660283
0.07225,3.5324203403517256
0.0725,3.4498538579393445
0.07275,3.3683866394516278
0.073,3.2858273112583327
0.07325,3.200184474126829
0.0735,3.1098867020782426
0.07375,3.0136825412493256
0.074,2.9106405087602107
0.07425,2.801049091588199
0.0745,2.694216745447765
0.07475,2.6034518936769118
0.075,2.5417629261300707
0.07525,2.5191581980776507
0.0755,2.5463060291124533
0.07575,2.63123470206306
0.076,2.778932461914371
0.07625,2.9607475147354485
0.0765,3.136688026614794
0.07675,3.269762122603236
0.077,3.319977885664568
0.07725,3.25034335563407
0.0775,3.0508665281850855
0.07775,2.7545553538037693
0.078,2.4194177367721803
0.07825,2.0844615341598374
0.0785,1.7822945548238862
0.07875,1.536124558418024
0.079,1.3567592544103033
0.07925,1.2386063011099724
0.0795,1.1696733047034609
0.07975,1.1359678182996737
0.08,1.1244973409846957
0.08025,1.1172693168860537
0.0805,1.1009911342466676
0.08075,1.073070124508601
0.081,1.0343835614067483
0.08125,0.9866286600725882
0.0815,0.9324225761480993
0.08175,0.8754024049099924
0.082,0.81807518040435
0.08225,0.7609478745918004
0.0825,0.7047273965033529
0.08275,0.6496205914069775
0.083,0.5960342399850767
0.08325,0.5439750575229303
0.0835,0.4936496931082296
0.08375,0.4445647288418227
0.084,0.39682667905975055
0.08425,0.3514419895666895
0.0845,0.3074170368809038
0.08475,0.26475812749079336
0.085,0.22347149712315642
0.08525,0.1835633100232276
0.0855,0.1450396582466229
0.08575,0.10690656096325712
0.086,0.07016996377332324
0.08625,0.03383573803543766
0.0865,-0.002090319792971307
0.08675,-0.038602488802964796
0.087,-0.07469512426897362
0.08725,-0.11236265827120817
0.0875,-0.1505996003054873
0.08775,-0.1894005378804557
0.088,-0.23076013710206128
0.08825,-0.2746731432452724
0.0885,-0.3201343813129406
0.08875,-0.36713875658173223
0.089,-0.4176812551350966
0.08925,-0.46975694438316873
0.0895,-0.5243609735695841
0.08975,-0.5814885742651109
0.09,-0.6411350608480682
0.09025,-0.7032958309714741
0.0905,-0.7679663660168456
0.09075,-0.835142231534636
0.091,-0.9028190776712437
0.09125,-0.97199263958253
0.0915,-1.0426587378338397
0.09175,-1.1128132787864522
0.092,-1.1844522549704262
0.09225,-1.2555717454438313
0.0925,-1.3261679161382722
0.09275,-1.3962370201907426
0.093,-1.4657753982617157
0.09325,-1.534779478839483
0.0935,-1.6012457785307064
0.09375,-1.6671709023371302
0.094,-1.731551543918478
0.09425,-1.794384485841485
0.0945,-1.854666599815036
0.09475,-1.9133948469114401
0.095,-1.9693662777737697
0.09525,-2.0237780328092962
0.0955,-2.0764273423690005
0.09575,-2.1272115269131358
0.096,-2.176227997162866
0.09625,-2.223474254237949
0.0965,-2.2691478897804793
0.09675,-2.3132465860647025
0.097,-2.355768116092865
0.09725,-2.3968103436771635
0.0975,-2.436571223507739
0.09775,-2.475048801206785
0.098,-2.5123412133687384
0.09825,-2.5485466875865774
0.0985,-2.583663542464279
0.09875,-2.617890187615382
0.099,-2.6513251236477564
0.09925,-2.683766942134553
0.0995,-2.715414325571356
0.09975,-2.746266047319615
0.1,-2.776320971536308
0.10025,-2.805778053089953
0.1005,-2.8343363374629313
0.10075,-2.862194960640195
0.101,-2.8891531489843985
0.10125,-2.9152102190974603
0.1015,-2.940265577668645
0.10175,-2.964118721309176
0.102,-2.9867692363734246
0.10225,-3.007916798766751
0.1025,-3.027461173740007
0.10275,-3.0452022156708076
0.103,-3.060939867831561
0.10325,-3.074474162144363
0.1035,-3.0856052189228027
0.10375,-3.0940332466007137
0.104,-3.0996585414479734
0.10425,-3.1027814872733863
0.1045,-3.103502555114726
0.10475,-3.1006223029160083
0.105,-3.0971413751920527
0.10525,-3.092060502680426
0.1055,-3.0863805019808175
0.10575,-3.0801022751819316
0.106,-3.0742268094759986
0.10625,-3.0707551767609242
0.1065,-3.0686885332302354
0.10675,-3.071028118950833
0.107,-3.0767752574286984
0.10725,-3.0859313551625953
0.1075,-3.0994979011858734
0.10775,-3.11747646659647
0.108,-3.1398687040751945
0.10825,-3.1646763473923807
0.1085,-3.1929012109030284
0.10875,-3.223545189030507
0.109,-3.2546102557389136
0.10925,-3.2870984639942384
0.1095,-3.31801194521436
0.10975,-3.348352908708054
0.11,-3.376123641103054
0.11025,-3.4023265057633227
0.1105,-3.4269639421956124
0.11075,-3.447938465445439
0.111,-3.4668526654825627
0.11125,-3.483609206576126
0.1115,-3.4981108266595164
0.11175,-3.512260336685115
0.112,-3.529160619969012
0.11225,-3.5511646315258365
0.1125,-3.579125397393805
0.11275,-3.6125960139501085
0.113,-3.6499296472167884
0.11325,-3.687429532157184
0.1135,-3.7104989719631147
0.11375,-3.704041337332908
0.114,-3.6580600657403988
0.11425,-3.5616586606950444
0.1145,-3.4105406909932765
0.11475,-3.2000097899612094
0.115,-2.9379696546888803
0.11525,-2.677424045256111
0.1155,-2.470376783950153
0.11575,-2.3348317544752404
0.116,-2.318792901154209
0.11625,-2.4222642281222946
0.1165,-2.6282497985132656
0.11675,-2.8897537336380466
0.117,-3.1537802121559366
0.11725,-3.3845334692386
0.1175,-3.5586177957269767
0.11775,-3.6670375372812165
0.118,-3.7101970935238344
0.11825,-3.697900917176213
0.1185,-3.6511535131885773
0.11875,-3.586959437863644
0.119,-3.5193232979740405
0.11925,-3.4569497498736923
0.1195,-3.405743498603282
0.11975,-3.3666592969899813
0.12,-3.3368519447415745
0.12025,-3.3112762875351427
0.1205,-3.2880872161004557
0.12075,-3.2659896652982447
0.121,-3.2437886131934803
0.12125,-3.22058908012384
0.1215,-3.1959961277635176
0.12175,-3.169614858182516
0.122,-3.141450412901604
0.12225,-3.1120079719430795
0.1225,-3.0806927528775057
0.12275,-3.048010009866577
0.123,-3.0139650327022838
0.12325,-2.9775631458425096
0.1235,-2.939809707443268
0.12375,-2.90171010838769
0.124,-2.8612697713119664
0.12425,-2.820494149628367
0.1245,-2.7783887265455447
0.12475,-2.7349590140862348
0.125,-2.6922105521025608
0.12525,-2.6481489072890785
0.1255,-2.605779672193732
0.12575,-2.5631084642268815
0.126,-2.5211409246685736
0.12625,-2.4808827176742123
0.1265,-2.442339529278779
0.12675,-2.4055170663998076
0.127,-2.3714210558392215
0.12725,-2.3390572432842474
0.1275,-2.30843139230753
0.12775,-2.281549283366642
0.128,-2.25641671280313
0.12825,-2.2350394918412633
0.1285,-2.2154234455866657
0.12875,-2.1995744120249743
0.129,-2.1864982410206855
0.12925,-2.175200793316378
0.1295,-2.165687939532436
0.12975,-2.15896555916747
0.13,-2.152039539599566
0.13025,-2.147915775088556
0.1305,-2.1436001657794383
0.13075,-2.140098616707137
0.131,-2.136417036802736
0.13125,-2.133561337901366
0.1315,-2.1295374337518966
0.13175,-2.1253512390285794
0.132,-2.1210086683448326
0.13225,-2.1155156352692885
0.1325,-2.1088780513442806
0.13275,-2.100101825106929
0.133,-2.0911928611129698
0.13325,-2.0801570589634775
0.1335,-2.067200312334676
0.13375,-2.0528285080109256
0.134,-2.0371475249210955
0.13425,-2.01996323317845
0.1345,-2.0013814931242053
0.13475,-1.9816081543749018
0.135,-1.9606490548737467
0.13525,-1.9385100199460874
0.1355,-1.9153968613591335
0.13575,-1.8912853763861068
0.136,-1.866321346874957
0.13625,-1.8405675383217721
0.1365,-1.8141086989490496
0.13675,-1.7870315587889616
0.137,-1.7594248287717642
0.13725,-1.7313841998194794
0.1375,-1.7030053419449962
0.13775,-1.6743639033567514
0.138,-1.6454555095690886
0.13825,-1.6164057625184658
0.1385,-1.5870502396856379
0.13875,-1.5575944932239447
0.139,-1.5279440490938387
0.13925,-1.4981644062037944
0.1395,-1.4681410355577307
0.13975,-1.4378393794090543
0.14,-1.4071848504214894
0.14025,-1.376072830836792
0.1405,-1.3443786716494897
0.14075,-1.3119516917887717
0.141,-1.2786351773076348
0.14125,-1.2442263805794576
0.1415,-1.208526519502054
0.14175,-1.1713907767093807
0.142,-1.1324242987909996
0.14225,-1.0909321955194087
0.1425,-1.0467195390853539
0.14275,-1.0002913633412553
0.143,-0.9522526630528376
0.14325,-0.902808393159091
0.1435,-0.8534634680406642
0.14375,-0.8032227607968067
0.144,-0.7540911025309494
0.14425,-0.7050732816450619
0.1445,-0.6581740431428496
0.14475,-0.612398087941922
0.145,-0.5697500721950158
0.14525,-0.5302346066203919
0.1455,-0.49385625584147497
0.14575,-0.461619537735856
0.146,-0.4345289227937434
0.14625,-0.41258883348594055
0.1465,-0.39580364364147747
0.14675,-0.38317767783493595
0.147,-0.37471521078359904
0.14725,-0.3684204667544828
0.1475,-0.36429761898134655
0.14775,-0.3613507890917636
0.148,-0.3595840465443223
0.14825,-0.3570014080760483
0.1485,-0.35360683716011954
0.14875,-0.3491042434739446
0.149,-0.3425974823776794
0.14925,-0.33299035440327285
0.1495,-0.3215866047540671
0.14975,-0.3095899228150657
0.15,-0.2985039416739068
0.15025,-0.2894422376526173
0.1505,-0.28337832985020867
0.15075,-0.28104567969616917
0.151,-0.2833376905149104
0.15125,-0.2907577071012457
0.1515,-0.3039090153069113
0.15175,-0.31929484163823546
0.152,-0.3219183528649557
0.15225,-0.2947826556402799
0.1525,-0.22389079613218996
0.15275,-0.10334575966608281
0.153,0.07114952962124889
0.15325,0.29829220911624604
0.1535,0.571179478051748
0.15375,0.8508085978187221
0.154,1.0761768922664574
0.15425,1.2162817479912391
0.1545,1.2361206146134291
0.15475,1.1256910050429645
0.155,0.9219904957332251
0.15525,0.6690167269232309
0.1555,0.41776740286819225
0.15575,0.20464029205833292
0.156,0.049433227426012666
0.15625,-0.03965589345888898
0.1565,-0.06302910820534374
0.15675,-0.03868838942928782
0.157,0.014364355406450868
0.15725,0.08312728414047782
0.1575,0.15259862004935068
0.15775,0.21777665197229987
0.158,0.2704597344241491
0.15825,0.3105462876964416
0.1585,0.3414347979467487
0.15875,0.3667238172762029
0.159,0.38883196379520807
0.15925,0.4097769216773944
0.1595,0.430850441201757
0.15975,0.4527583387830555
0.16,0.4756304969904442
0.16025,0.4991958645543594
0.1605,0.5234534563616737
0.16075,0.5488023534391658
0.161,0.5751417029252713
0.16125,0.602470718030192
0.1615,0.6312886779843464
0.16175,0.6595949279752196
0.162,0.6905888790726147
0.16225,0.7212700081423409
0.1625,0.752637857748399
0.16275,0.7846920360436407
0.163,0.8164322166490028
0.16325,0.8488581385212962
0.1635,0.8809696058096368
0.16375,0.9117664877005103
0.164,0.941248718251571
0.16425,0.9704162962141696
0.1645,0.9972692848446825
0.16475,1.0218078117046767
0.165,1.0450320684499959
0.16525,1.064942310608752
0.1655,1.0825388573483612
0.16575,1.097822091231608
0.166,1.1087924579618316
0.16625,1.1164504661172918
0.1665,1.1207966868747594
0.16675,1.1218317537224305
0.167,1.118556362162159
0.16725,1.112971269401168
0.1675,1.105077294033226
0.16775,1.0938753157094059
0.168,1.0803662747984721
0.16825,1.064551172037005
0.1685,1.0474310681692716
0.16875,1.0290070835770075
0.169,1.0082803978991024
0.16925,0.9872522496413442
0.1695,0.9649239357762226
0.16975,0.9422968113329645
0.17,0.9193722889778131
0.17025,0.8971518385846818
0.1705,0.8746369867962311
0.17075,0.8538293165755152
0.171,0.8328304667482254
0.17125,0.8134421315356504
0.1715,0.7951660600784862
0.17175,0.7780040559515076
0.172,0.7619579766692745
0.17225,0.7469297331829181
0.1725,0.7329712893681662
0.17275,0.7199846615046184
0.173,0.7079719177464808
0.17325,0.6968351775847704
0.1735,0.6864266113011573
0.17375,0.6768484394135175
0.174,0.6680029321133143
0.17425,0.65969240869493
0.1745,0.6520192369770214
0.17475,0.6446858327160638
0.175,0.6376946590121406
0.17525,0.6309482257071498
0.1755,0.6243490887754723
0.17575,0.6176998497073056
0.176,0.6112031548846841
0.17625,0.6047616949503937
0.1765,0.5982782041698428
0.17675,0.5917554597860291
0.177,0.5850962813677127
0.17725,0.5783035301509627
0.1775,0.5715801083741292
0.17775,0.5648289586064259
0.178,0.5580530630702158
0.17825,0.551555442957158
0.1785,0.5452391577383019
0.17875,0.5393073044682766
0.179,0.5339630170837579
0.17925,0.5294094656962106
0.1795,0.5257498558792011
0.17975,0.5232874279502727
0.18,0.5222254562476318
0.18025,0.5233672484016598
0.1805,0.5269161446015033
0.18075,0.5325455168567957
0.181,0.539948768254683
0.18125,0.5486393322122619
0.1815,0.5584506717246356
0.18175,0.5687862786086118
0.182,0.5790496727422986
0.18225,0.5893444013006492
0.1825,0.5984740379871814
0.18275,0.606442182261883
0.183,0.6132524585656018
0.18325,0.6169085155409479
0.1835,0.6174140252498632
0.18375,0.6147726823880774
0.184,0.6069882034964844
0.18425,0.5950643261696774
0.1845,0.5780048082617033
0.18475,0.5548134270892673
0.185,0.5274939786324482
0.18525,0.4960502767331316
0.1855,0.4634861522912561
0.18575,0.4278054524590823
0.186,0.39201203983354516
0.18625,0.3557097916469032
0.1865,0.31980259895581065
0.18675,0.28479436582894807
0.187,0.2511890085333454
0.18725,0.2192904547196077
0.1875,0.1896026426060937
0.18775,0.16262952016227675
0.188,0.13707504429138634
0.18825,0.11124318001249148
0.1885,0.08373789964218155
0.18875,0.05306318197596313
0.189,0.018123011469562064
0.18925,-0.022778622579779362
0.1895,-0.06973772685180687
0.18975,-0.12675030482146102
0.19,-0.17981235757659964
0.19025,-0.21191988463514944
0.1905,-0.20606888476145657
0.19075,-0.15425535678177676
0.191,-0.05047530039870157
0.19125,0.10527528299558032
0.1915,0.30900038950738956
0.19175,0.5507040119310954
0.192,0.7853901389403031
0.19225,0.9530627542807809
0.1925,1.0187258359653215
0.19275,0.9543833554706069
0.193,0.7760392769362885
0.19325,0.5136975563664121
0.1935,0.2243621408332493
0.19375,-0.04816303231618824
0.194,-0.27427403625093455
0.19425,-0.4375669554439413
0.1945,-0.5338378864569486
0.19475,-0.5740829387221628
0.195,-0.5712982353206547
0.19525,-0.5384799137573069
0.1955,-0.4936241267322061
0.19575,-0.45172704290829274
0.196,-0.4227848476752085
0.19625,-0.40479374390913914
0.1965,-0.3975499527285624
0.19675,-0.3976497142457255
0.197,-0.40258928831381524
0.19725,-0.40886495526954414
0.1975,-0.4149730166711593
0.19775,-0.42070979603168096
0.198,-0.4255716395472285
0.19825,-0.4293549168203602
0.1985,-0.4317560215782518
0.19875,-0.4327713723856274
0.199,-0.432387413352271
0.19925,-0.43063061483506404
0.1995,-0.4274674741343517
0.19975,-0.4229045161845781
0.2,-0.4171382942390354
0.20025,-0.41006539054862046
0.2005,-0.4018824170344857
0.20075,-0.392386015954458
0.201,-0.3827728605631092
0.20125,-0.3730396557653895
0.2015,-0.36218313876366076
0.20175,-0.35120007969807887
0.202,-0.3410872822801694
0.20225,-0.33184158441950007
0.2025,-0.3224598588433539
0.20275,-0.3159390137092826
0.203,-0.30927599321043725
0.20325,-0.30546777817357323
0.2035,-0.3045113866496464
0.20375,-0.3054038744968457
0.204,-0.3081423359560287
0.20425,-0.31472390421841934
0.2045,-0.32414575198547946
0.20475,-0.33640509202085955
0.205,-0.3514991776943359
0.20525,-0.36942530351765024
0.2055,-0.3891808056721384
0.20575,-0.4127630625280691
0.206,-0.43716949515561637
0.20625,-0.46439756782736824
0.2065,-0.4934447885122675
0.20675,-0.5233087093609385
0.207,-0.5539869271822996
0.20725,-0.5864770839113574
0.2075,-0.6177768670681452
0.20775,-0.6498840102077073
0.208,-0.6817962933610353
0.20825,-0.7125115434669224
0.2085,-0.7423276347946328
0.20875,-0.7713424893573154
0.209,-0.7990540773161074
0.20925,-0.8254604173748572
0.2095,-0.8503595771653863
0.20975,-0.8735639736232326
0.21,-0.8950288733538361
0.21025,-0.9147953929890472
0.2105,-0.9330474995339749
0.21075,-0.9496835107040452
0.211,-0.9649017952522718
0.21125,-0.9787007732866387
0.2115,-0.9911789165775717
0.21175,-1.002434748855436
0.212,-1.012466846098025
0.21225,-1.0214738368079561
0.2125,-1.0294544022799776
0.21275,-1.036507276858113
0.213,-1.042131248182595
0.21325,-1.0475251574265725
0.2135,-1.0526878995225448
0.21375,-1.0566184233784592
0.214,-1.0593157320834867
0.21425,-1.0627788831034046
0.2145,-1.0650069884655644
0.21475,-1.0669992149334158
0.215,-1.0687547841705762
0.21525,-1.0692729728943893
0.2155,-1.0705531130189698
0.21575,-1.0705945917877178
0.216,-1.0703968518952556
0.21625,-1.0699593915988037
0.2165,-1.0682817648189407
0.21675,-1.0653635812297757
0.217,-1.0623045063384908
0.21725,-1.0579042615542364
0.2175,-1.0522626242464062
0.21775,-1.0451794277922533
0.218,-1.0364545616138447
0.21825,-1.025887971204375
0.2185,-1.013279658143807
0.21875,-0.9983296801038559
0.219,-0.980738150842325
0.21925,-0.960385240186784
0.2195,-0.9378311740075834
0.21975,-0.9135162341802691
0.22,-0.8881607585373323
0.22025,-0.8622651408093553
0.2205,-0.8366298305555543
0.22075,-0.8118553330837309
0.221,-0.7878422093596458
0.22125,-0.7655910759058547
0.2215,-0.7471026046899876
0.22175,-0.7303775230025418
0.222,-0.7184166133241776
0.22225,-0.7112207131825481
0.2225,-0.7087907149987105
0.22275,-0.7121275659231296
0.223,-0.7192322676613064
0.22325,-0.7301058762890746
0.2235,-0.7427495020575976
0.22375,-0.7581643091880995
0.224,-0.7731515156563593
0.22425,-0.7888123929670328
0.2245,-0.8040482659178306
0.22475,-0.8184605123535846
0.225,-0.8314505629102803
0.22525,-0.8427199007490571
0.2255,-0.8519700612802832
0.22575,-0.8588026318776971
0.226,-0.8633192515827116
0.22625,-0.8660216107989152
0.2265,-0.8686114509768313
0.22675,-0.8727905642889913
0.227,-0.8813607932953891
0.22725,-0.894724030599354
0.2275,-0.9148822184939482
0.22775,-0.9438373485989043
0.228,-0.9695914614882104
0.22825,-0.9841466463083732
0.2285,-0.9755050403874664
0.22875,-0.9316688288350047
0.229,-0.8376402441327202
0.22925,-0.6839215657163544
0.2295,-0.47301511954846237
0.22975,-0.22242327768239573
0.23,0.04035154218252368
0.23025,0.2763068771545252
0.2305,0.43944021961154067
0.23075,0.4617490176718829
0.231,0.3622306756734014
0.23125,0.16988255466097912
0.2315,-0.07629802711766775
0.23175,-0.3373137937080055
0.232,-0.5667675109365962
0.23225,-0.7348619858910044
0.2325,-0.8394000663917702
0.23275,-0.8827846404565971
0.233,-0.8720186357567601
0.23325,-0.8231050190659301
0.2335,-0.7540467957014565
0.23375,-0.6818470089581944
0.234,-0.6175087395350385
0.23425,-0.5630351049541991
0.2345,-0.52042925897338
0.23475,-0.4886943909909156
0.235,-0.46363372544401404
0.23525,-0.44015052120017467
0.2355,-0.41764807094193546
0.23575,-0.39502970054500186
0.236,-0.3717987684499301
0.23625,-0.3473586650274262
0.2365,-0.3216128119373932
0.23675,-0.29446466148185674
0.237,-0.266117695951847
0.23725,-0.23637542696839722
0.2375,-0.2053413948177292
0.23775,-0.17291916778079952
0.238,-0.1391123414572531
0.23825,-0.10412453808398435
0.2385,-0.06795940584835593
0.23875,-0.030820618196263527
0.239,0.007288126864902655
0.23925,0.04576310746820331
0.2395,0.08430057859394666
0.23975,0.12289677278113659
0.24,0.16154790084353635
0.24025,0.20025015259011128
0.2405,0.23799969754983896
0.24075,0.27379268570066384
0.241,0.30862524820251264
0.24125,0.3404934981342547
0.2415,0.3713935312344004
0.24175,0.3993214266455422
0.242,0.4242732476622338
0.24225,0.4472450424823417
0.2425,0.46723284496160167
0.24275,0.48423267537134473
0.243,0.4972405411591994
0.24325,0.5082524377126578
0.2435,0.5162643491253556
0.24375,0.5212722489659698
0.244,0.5232721010495305
0.24425,0.5242598602110842
0.2445,0.5222314730815039
0.24475,0.5191828788653747
0.245,0.5141100101207445
0.24525,0.5090087935406791
0.2455,0.5028751507364122
0.24575,0.4967049990219984
0.246,0.4894942522003213
0.24625,0.48323882135029017
0.2465,0.4776346156151302
0.24675,0.47237754299158785
0.247,0.467963511119937
0.24725,0.46468842807461785
0.2475,0.46267820315542024
0.24775,0.46213874767898405
0.248,0.46285597577060145
0.24825,0.46499580515603556
0.2485,0.46845415795333617
0.24875,0.47312696146444194
0.249,0.4791101489664786
0.24925,0.48619966050252916
0.2495,0.49439144367186405
0.24975,0.5036814544193543
0.25,0.5142656578240444
0.25025,0.5247400288866456
0.2505,0.537100553315899
0.25075,0.5493432283135957
0.251,0.5624640633581675
0.25125,0.5764590809866671
0.2515,0.5903243175750401
0.25175,0.6040558241165164
0.252,0.6186496669979906
0.25225,0.6331019287742783
0.2525,0.6474087089400727
0.25275,0.662566124699487
0.253,0.6765703117330436
0.25325,0.6914174249619653
0.2535,0.7061036393096579
0.25375,0.7206251504601918
0.254,0.7349781756137326
0.25425,0.7491589542386866
0.2545,0.7641637488205331
0.25475,0.7789888456071056
0.255,0.7946305553502764
0.25525,0.8100852140438584
0.2555,0.8263491836576192
0.25575,0.8441188528672454
0.256,0.8626906377801933
0.25625,0.8826609826571826
0.2565,0.9048263606293659
0.25675,0.9291832744108394
0.257,0.9554282570066017
0.25725,0.983357872415608
0.2575,1.0126987163289827
0.25775,1.043057416823117
0.258,1.074120635047639
0.25825,1.105555065908061
0.2585,1.1368574387430168
0.25875,1.1675245179959672
0.259,1.197053103881212
0.25925,1.225040033044161
0.2595,1.2517821792156845
0.25975,1.2742764538604343
0.26,1.294519806819067
0.26025,1.310509226944175
0.2605,1.3212417427298906
0.26075,1.3267144229349837
0.261,1.3269243771993948
0.26125,1.3208687566540391
0.2615,1.3115447545238321
0.26175,1.2989496067237596
0.262,1.2850805924479403
0.26225,1.26873503475157
0.2625,1.2522103011255694
0.26275,1.235703804063959
0.263,1.2197130016237225
0.26325,1.2047353979771611
0.2635,1.1909585439565917
0.26375,1.1787100375912747
0.264,1.1682575246365192
0.26425,1.1595086990948305
0.2645,1.1523613037290321
0.26475,1.1445131305672216
0.265,1.1335620213995632
0.26525,1.1177058682666867
0.2655,1.0957426139397444
0.26575,1.0674702523919395
0.266,1.0318868292614838
0.26625,0.9939904423058852
0.2665,0.9677792418474837
0.26675,0.9672514312101543
0.267,1.0064052671471055
0.26725,1.0912390602596629
0.2675,1.2311611754069967
0.26775,1.4289400321067065
0.268,1.6868041049261497
0.26825,1.9493419238645135
0.2685,2.1595520747255015
0.26875,2.281433199480566
0.269,2.2889839966226546
0.26925,2.186203221510379
0.2695,1.9760896867025255
0.26975,1.7066422622828865
0.27,1.4308598761753109
0.27025,1.1832415144489192
0.2705,0.9902862216134619
0.27075,0.8624931009047105
0.271,0.8023613145598516
0.27125,0.7948900840828428
0.2715,0.8240786904996519
0.27175,0.871926474603347
0.272,0.925432837188976
0.27225,0.9715972392782164
0.2725,1.0044192023336955
0.27275,1.0238983084630089
0.273,1.0330342006123132
0.27325,1.037326582749558
0.2735,1.038175220037195
0.27375,1.0373799389944391
0.274,1.0360406276489673
0.27425,1.035057235678083
0.2745,1.0349297745392527
0.27475,1.0358583175900478
0.275,1.0376430001974217
0.27525,1.040114019836306
0.2755,1.0435716361775154
0.27575,1.0480361711649269
0.276,1.0533480090819016
0.27625,1.059717596606974
0.2765,1.0668454428587169
0.27675,1.0746321194298711
0.277,1.0834782604106081
0.27725,1.0917845624010236
0.2775,1.1007517845127668
0.27775,1.1103807483598742
0.278,1.1186723380387038
0.27825,1.1266275000970962
0.2785,1.1342472434926345
0.27875,1.140532639540079
0.279,1.1444848218479493
0.27925,1.1471049862442941
0.2795,1.1473943906915582
0.27975,1.144354355190698
0.28,1.139986261674422
0.28025,1.131291553889656
0.2805,1.120271737269169
0.28075,1.1059283787924872
0.281,1.0882631068359485
0.28125,1.0672776110121083
0.2815,1.0429736419983324
0.28175,1.014353011354736
0.282,0.9834175913314367
0.28225,0.9491693146651096
0.2825,0.9126101743649813
0.28275,0.874742223488135
0.283,0.8335675749043543
0.28325,0.7910884010503166
0.2835,0.7483069336733764
0.28375,0.7032254635648166
0.284,0.6588463402827255
0.28425,0.6131719718644357
0.2845,0.5672048245286537
0.28475,0.5209474223672629
0.285,0.4754023470268839
0.28525,0.43037223738020386
0.2855,0.3860597891871743
0.28575,0.3428677547460472
0.286,0.3007989425344155
0.28625,0.2599562168401716
0.2865,0.2203524973825935
0.28675,0.1818907589234447
0.287,0.14451403086835488
0.28725,0.10820539685828096
0.2875,0.07283799435142939
0.28775,0.03841501419533417
0.288,0.004839700189535924
0.28825,-0.027984651361405037
0.2885,-0.0600546921042143
0.28875,-0.09146702210272535
0.289,-0.12221819031285414
0.28925,-0.15260469506693952
0.2895,-0.18252298456715682
0.28975,-0.2120694573880487
0.29,-0.24144046298803262
0.29025,-0.2705323022298695
0.2905,-0.2996412279099115
0.29075,-0.328763445296184
0.291,-0.35789511267505025
0.29125,-0.3871323419065735
0.2915,-0.41637119898824837
0.29175,-0.4456077046272857
0.292,-0.47493783482107055
0.29225,-0.5042575214459875
0.2925,-0.5334626528542684
0.29275,-0.5625490744789743
0.293,-0.5913125894468352
0.29325,-0.6198489591990171
0.2935,-0.6477539041195833
0.29375,-0.6751231041716351
0.294,-0.7016521995409777
0.29425,-0.7271367912872658
0.2945,-0.7514724420024386
0.29475,-0.7744546764764588
0.295,-0.7957789823701087
0.29525,-0.8151708108948805
0.2955,-0.832435577499695
0.29575,-0.8477586625645488
0.296,-0.8611054121006754
0.29625,-0.8730711384575018
0.2965,-0.8838511210358518
0.29675,-0.8938406070076984
0.297,-0.9041348120419728
0.29725,-0.9145289210366644
0.2975,-0.9270180888567541
0.29775,-0.9405974410781841
0.298,-0.9582620747374485
0.29825,-0.9790070590869597
0.2985,-1.0048274363557916
0.29875,-1.0357182225159605
0.299,-1.0706744080538522
0.29925,-1.1106909587468885
0.2995,-1.1557628164451492
0.29975,-1.2038848998579461
0.3,-1.2560521053450808
0.30025,-1.3102593077128655
0.3005,-1.3665013610144916
0.30075,-1.423773099354936
0.301,-1.4820693376999885
0.30125,-1.5384848726894886
0.3015,-1.5939144834544514
0.30175,-1.647452932438165
0.302,-1.6987949662208628
0.30225,-1.7478253163481108
0.3025,-1.7949887001625298
0.30275,-1.8408898216389238
0.303,-1.8862933722224933
0.30325,-1.9324740316701734
0.3035,-1.980726468894795
0.30375,-2.0346453428120674
0.304,-2.09672530319013
0.30425,-2.1657609915016476
0.3045,-2.2378470417781893
0.30475,-2.3038780814668742
0.305,-2.3528487322890057
0.30525,-2.3727536111007335
0.3055,-2.344587330755347
0.30575,-2.2589445009674116
0.306,-2.1150197291781665
0.30625,-1.9226076214225158
0.3065,-1.7021027831970277
0.30675,-1.4854998203291734
0.307,-1.3327933398473368
0.30725,-1.2859779508517852
0.3075,-1.3690482653860778
0.30775,-1.569998899309173
0.308,-1.849824473167741
0.30825,-2.158519613068762
0.3085,-2.450078951552152
0.30875,-2.6943971284633714
0.309,-2.8757687918256964
0.30925,-2.9888885987122813
0.3095,-3.039851216117548
0.30975,-3.051651321828064
0.31,-3.0402836052924975
0.31025,-3.018742768490754
0.3105,-2.997023526801893
0.31075,-2.9834206098709446
0.311,-2.9807287624742544
0.31125,-2.9890427453833643
0.3115,-3.0047573362272137
0.31175,-3.024467330352551
0.312,-3.046287541682363
0.31225,-3.0686998035722888
0.3125,-3.090537969664687
0.31275,-3.111057914740474
0.313,-3.129867535568336
0.31325,-3.1470417517512934
0.3135,-3.162875506570565
0.31375,-3.177363767826359
0.314,-3.190301528675709
0.31425,-3.201683808466992
0.3145,-3.2110056535711795
0.31475,-3.2194621382095088
0.315,-3.226648365277626
0.31525,-3.2325594671658013
0.3155,-3.2371906065754406
0.31575,-3.2405369773313586
0.316,-3.243593805190012
0.31625,-3.2453563486433143
0.3165,-3.247819899718128
0.31675,-3.2499797847709972
0.317,-3.251831365278341
0.31725,-3.255370038621683
0.3175,-3.259591238867942
0.31775,-3.2654904375446137
0.318,-3.273063144409686
0.31825,-3.2833049082162034
0.3185,-3.295211317471346
0.31875,-3.3087780011898356
0.319,-3.3250006296416292
0.31925,-3.3448749150937007
0.3195,-3.3663966125458615
0.31975,-3.3915615204603937
0.32,-3.4193654814854773
0.32025,-3.448804383172223
0.3205,-3.481874158685219
0.32075,-3.5165707875064367
0.321,-3.552890296132441
0.32125,-3.5898287587647086
0.3215,-3.6283822979930154
0.32175,-3.667547085471707
0.322,-3.7073193425887623
0.32225,-3.746695341127592
0.3225,-3.78667140392136
0.32275,-3.826243905499778
0.323,-3.865409272728275
0.32325,-3.9031639854393907
0.3235,-3.939504577056307
0.32375,-3.9754276352083844
0.324,-4.009929802338712
0.32425,-4.04200777630333
0.3245,-4.072758310962335
0.32475,-4.101478216762435
0.325,-4.1282643613111984
0.32525,-4.153113669942535
0.3255,-4.1763231262736635
0.32575,-4.197789772753179
0.326,-4.217610711200346
0.32625,-4.235783103335342
0.3265,-4.25250417130052
0.32675,-4.267861198172489
0.327,-4.281815528464953
0.32725,-4.29448256862228
0.3275,-4.305921787503587
0.32775,-4.316216716857415
0.328,-4.325404951786772
0.32825,-4.333694151204554
0.3285,-4.340912038279218
0.32875,-4.347356400870658
0.329,-4.353125091956165
0.32925,-4.3580160300464605
0.3295,-4.362327199591659
0.32975,-4.366056651377152
0.33,-4.3691025029092865
0.33025,-4.37136293879083
0.3305,-4.373036211086077
0.33075,-4.373920639675619
0.331,-4.373924612600672
0.33125,-4.373056586396841
0.3315,-4.371165086417415
0.33175,-4.368148707145952
0.332,-4.363866112498245
0.33225,-4.358166036113515
0.3325,-4.350897281634858
0.33275,-4.341818722978805
0.333,-4.330839304594037
0.33325,-4.317658041709128
0.3335,-4.3019740205693475
0.33375,-4.283686398662389
0.334,-4.2626944049330655
0.33425,-4.238797339986881
0.3345,-4.213394576282443
0.33475,-4.185485558312715
0.335,-4.156069802775013
0.33525,-4.125146898729778
0.3355,-4.094716507748029
0.33575,-4.064778364047552
0.336,-4.035332274617652
0.33625,-4.0093781193326405
0.3365,-3.9859158510538486
0.33675,-3.9659454957202467
0.337,-3.949467152427624
0.33725,-3.9374809934963273
0.3375,-3.9309872645274746
0.33775,-3.9269862844477306
0.338,-3.927478445542552
0.33825,-3.931464213477908
0.3385,-3.9379441273105016
0.33875,-3.9449187994864348
0.339,-3.9533889158283366
0.33925,-3.96235523551097
0.3395,-3.968818591025255
0.33975,-3.974779888130783
0.34,-3.9782401057967616
0.34025,-3.978900296131439
0.3405,-3.9773615842999615
0.34075,-3.97342516843075
0.341,-3.967392319510308
0.34125,-3.9596643812665575
0.3415,-3.950942770040655
0.34175,-3.944328974647361
0.342,-3.9424245562238807
0.34225,-3.9467311480673573
0.3425,-3.957050455460823
0.34275,-3.972184255487876
0.343,-3.9861343968358325
0.34325,-3.986202799587685
0.3435,-3.958791455002582
0.34375,-3.8929024252851447
0.344,-3.7759378433434145
0.34425,-3.598699912535627
0.3445,-3.362390906405804
0.34475,-3.0906131684081077
0.345,-2.8173691116201827
0.34525,-2.5776612184453036
0.3455,-2.4204920403036114
0.34575,-2.392864197312221
0.346,-2.4947803779545037
0.34625,-2.6822433387383717
0.3465,-2.9152559038438106
0.34675,-3.1548209647594962
0.347,-3.3614414799087844
0.34725,-3.5066204742649276
0.3475,-3.5858610389556995
0.34775,-3.6046663308573943
0.348,-3.5720395721784115
0.34825,-3.50198405003225
0.3485,-3.413503116000245
0.34875,-3.32260018568385
0.349,-3.2393787382468022
0.34925,-3.166942315946958
0.3495,-3.1064845236581307
0.34975,-3.0558390283817523
0.35,-3.009979558748724
0.35025,-2.966019904511192
0.3505,-2.922663916024647
0.35075,-2.879015503720169
0.351,-2.8341786375671005
0.35125,-2.7877573465260594
0.3515,-2.739755717992522
0.35175,-2.6903778972309103
0.352,-2.6391280867994458
0.35225,-2.586710545965687
0.3525,-2.531929590112961
0.35275,-2.47578959013768
0.353,-2.418294971837784
0.35325,-2.359450215292204
0.3535,-2.299259854231635
0.35375,-2.2367284754005268
0.354,-2.1748607179106427
0.35425,-2.1106612725859333
0.3545,-2.0461348812992326
0.35475,-1.9812863363004865
0.355,-1.9161204795369948
0.35525,-1.8516422019653525
0.3555,-1.7888564428556726
0.35575,-1.725768189087718
0.356,-1.6643824744395037
0.35625,-1.6047043788680264
0.3565,-1.5467390277827104
0.35675,-1.4904915913112111
0.357,-1.4369672835581109
0.35725,-1.3861713618562561
0.3575,-1.338109126011194
0.35775,-1.292785917538496
0.358,-1.2502071188943935
0.35825,-1.211378152699553
0.3585,-1.1753044809564182
0.35875,-1.1409916042599362
0.359,-1.1094450610020432
0.35925,-1.0786704265698357
0.3595,-1.0506733125377479
0.35975,-1.022459365853653
0.36,-0.996034268019203
0.36025,-0.9704037342643721
0.3605,-0.9455735127165139
0.36075,-0.9205493835638561
0.361,-0.8953371582137514
0.36125,-0.8699426784456601
0.3615,-0.8443718155591612
0.36175,-0.8176304695169385
0.362,-0.7897245680830702
0.36225,-0.7616600659565309
0.3625,-0.731442943900356
0.36275,-0.7000792078661959
0.363,-0.6665748881148693
0.36325,-0.6321360383325267
0.3635,-0.5957687347431732
0.36375,-0.5577790752169879
0.364,-0.5183731783753224
0.36425,-0.47765718269181523
0.3645,-0.4355372455904025
0.36475,-0.39231954253977297
0.365,-0.3479102661449489
0.36525,-0.3025156252356884
0.3655,-0.25624184395222627
0.36575,-0.20899516082814223
0.366,-0.16096182787083962
0.36625,-0.1122581096395108
0.3665,-0.06295028232091744
0.36675,-0.013124632802977782
0.367,0.03714254225349386
0.36725,0.0877549373450128
0.3675,0.13862623905717378
0.36775,0.1897401269980836
0.368,0.2410902747329933
0.36825,0.2926203507203343
0.3685,0.3443240192486946
0.36875,0.3961949413748573
0.369,0.4482567758624841
0.36925,0.5005531801215903
0.3695,0.5531478111483464
0.36975,0.6061343264654059
0.37,0.6595563850622013
0.37025,0.7136376483355192
0.3705,0.7684717810297407
0.37075,0.8242524521770591
0.371,0.8810733360370475
0.37125,0.9393281130359112
0.3715,0.9991104707048112
0.37175,1.0607141046175739
0.372,1.1250327193271594
0.37225,1.1918600293011912
0.3725,1.260489759856029
0.37275,1.3316156480895431
0.373,1.4026314438121192
0.37325,1.474530910476129
0.3735,1.5453078261033257
0.37375,1.6169559842103518
0.374,1.6864691947319324
0.37425,1.753841284941884
0.3745,1.8200661003715068
0.37475,1.882137505725489
0.375,1.9420493857948988
0.37525,1.9977956463674342
0.3755,2.0483702151344865
0.37575,2.094767042595025
0.376,2.13598010295623
0.37625,2.1710033950305085
0.3765,2.2028309431290025
0.37675,2.230456797951199
0.377,2.255875037470785
0.37725,2.280079767817289
0.3775,2.3030651241536666
0.37775,2.325825271549422
0.378,2.349354405849418
0.37825,2.3736467545378956
0.3785,2.3992965775979105
0.37875,2.427298168365753
0.379,2.4590458543804856
0.37925,2.4922339982281394
0.3795,2.525056998380868
0.37975,2.555709290030407
0.38,2.5831313459162395
0.38025,2.6064796771478194
0.3805,2.625486834021251
0.38075,2.640201406829723
0.381,2.6506180266681882
0.38125,2.6586313662314964
0.3815,2.6643361406065136
0.38175,2.687727108057542
0.382,2.7507990708053156
0.38225,2.8685468757991868
0.3825,3.0452654154825494
0.38275,3.2770496285512607
0.383,3.549794500705042
0.38325,3.8431950653916283
0.3835,4.123246404543662
0.38375,4.332943649308105
0.384,4.442281980768182
0.38425,4.421256630657561
0.3845,4.278862882066866
0.38475,4.062096070142218
0.385,3.824951582775856
0.38525,3.6084248612885514
0.3855,3.4377114011039427
0.38575,3.330206752414405
0.386,3.287506520838606
0.38625,3.302406368070419
0.3865,3.3619020125193457
0.38675,3.445989229942007
0.387,3.5396638540650085
0.38725,3.6289217771986397
0.3875,3.7071589508417766
0.38775,3.772671386277419
0.388,3.827155155159194
0.38825,3.8742063900883745
0.3885,3.9163212851816493
0.38875,3.955496096629217
0.389,3.9933271432434347
0.38925,4.03091080699768
0.3895,4.069243533555542
0.38975,4.108621832790046
0.39,4.1489422792930775
0.39025,4.190001512874659
0.3905,4.231396239052258
0.39075,4.27362322952982
0.391,4.3161793226666285
0.39125,4.3602614239357855
0.3915,4.404866506372349
0.39175,4.44999161101096
0.392,4.495633847312955
0.39225,4.541790393582864
0.3925,4.587458497374271
0.39275,4.633635475884874
0.393,4.679318716340812
0.39325,4.724505676370089
0.3935,4.769193884365124
0.39375,4.812380939834253
0.394,4.8540645137422995
0.39425,4.894242348839948
0.3945,4.931912259982083
0.39475,4.967072134434842
0.395,4.998719932171541
0.39525,5.028853686157177
0.3955,5.054471502621758
0.39575,5.077571561322114
0.396,5.097152115792402
0.39625,5.114211493583094
0.3965,5.126748096488503
0.39675,5.135760400762762
0.397,5.14024695732426
0.39725,5.14220639194847
0.3975,5.141637405449156
0.39775,5.138538773847933
0.398,5.132909348532132
0.39825,5.124748056400967
0.3985,5.116053900000007
0.39875,5.104825957643825
0.399,5.093063383526954
0.39925,5.080765407823021
0.3995,5.0679313367720855
0.39975,5.053560552756154
0.4,5.039652514362903
0.40025,5.02620675643752
0.4005,5.01322289012275
0.40075,4.999700602887037
0.401,4.987639658540888
0.40125,4.976839897241287
0.4015,4.966701235484349
0.40175,4.9574236660860445
0.402,4.949007258151124
0.40225,4.941452157030171
0.4025,4.934558584264847
0.40275,4.928426837521254
0.403,4.922897290511538
0.40325,4.917900392903679
0.4035,4.913386670219453
0.40375,4.909226723720665
0.404,4.905511230283624
0.40425,4.901860942261867
0.4045,4.8984766873371735
0.40475,4.895159368358938
0.405,4.891909963171821
0.40525,4.8885295244318225
0.4055,4.884919179410719
0.40575,4.881080129788968
0.406,4.876913651437029
0.40625,4.872421094185251
0.4065,4.867503881582238
0.40675,4.862263510641809
0.407,4.85660155157863
0.40725,4.850619647532422
0.4075,4.844219514280932
0.40775,4.837602939941649
0.408,4.830671784662326
0.40825,4.823727980300327
0.4085,4.816673530090924
0.40875,4.8098105083044995
0.409,4.8031410598928215
0.40925,4.796967400124332
0.4095,4.791501814208618
0.40975,4.786880656910033
0.41,4.783364352150607
0.41025,4.781177392602229
0.4105,4.780618339268276
0.41075,4.781769821054647
0.411,4.784434534330333
0.41125,4.788515242477573
0.4115,4.793814775431698
0.41175,4.799436029210688
0.412,4.80558196543457
0.41225,4.812255610834677
0.4125,4.817460056752927
0.41275,4.8201984586311015
0.413,4.8214740354903265
0.41325,4.818290069400698
0.4135,4.811649904941281
0.41375,4.799556948650473
0.414,4.782014668466849
0.41425,4.760026593160581
0.4145,4.733596311755531
0.41475,4.701727472942114
0.415,4.665423784480974
0.41525,4.624689012597637
0.4155,4.581526981368235
0.41575,4.535941572096333
0.416,4.489936722681015
0.41625,4.442516426976338
0.4165,4.395284734142248
0.41675,4.3492457479869735
0.417,4.304703626301214
0.41725,4.261962580183977
0.4175,4.221026873360397
0.41775,4.181550821491418
0.418,4.143058791475764
0.41825,4.10469520074389
0.4185,4.065324516544524
0.41875,4.023881255223378
0.419,3.9764699814946645
0.41925,3.9205953077051228
0.4195,3.857161893090941
0.41975,3.79037444302749
0.42,3.7272377082722485
0.42025,3.6777564842007266
0.4205,3.6569356100357755
0.42075,3.68077996807025
0.421,3.759694482883257
0.42125,3.8954841205500026
0.4215,4.081353887845468
0.42175,4.301908831441966
0.422,4.524154037100779
0.42225,4.686094628857953
0.4225,4.753735768204382
0.42275,4.701082653260334
0.423,4.523140517944591
0.42325,4.254914631138237
0.4235,3.9474102958433064
0.42375,3.6476328483364022
0.424,3.386187657317456
0.42425,3.1832801230536885
0.4245,3.0467156765189993
0.42475,2.9688997785288183
0.425,2.937837918870732
0.42525,2.9395356154307772
0.4255,2.959998413315815
0.42575,2.982231883971843
0.426,2.9952416242987248
0.42625,2.9950332557610664
0.4265,2.9835124234958355
0.42675,2.9634847954164045
0.427,2.9369560613136727
0.42725,2.9072319319538176
0.4275,2.8770181381734234
0.42775,2.8467204299716338
0.428,2.8168445755998848
0.42825,2.787696360648929
0.4285,2.759531587133796
0.42875,2.7324360725763754
0.429,2.706475649086069
0.42925,2.68159616243854
0.4295,2.6578734711527416
0.42975,2.6353134455663376
0.43,2.613821966909726
0.43025,2.5937049263787175
0.4305,2.5736682242061497
0.43075,2.5555177687324746
0.431,2.537259475475493
0.43125,2.5198992661994204
0.4315,2.5024430679834615
0.43175,2.4848968122898674
0.432,2.4672664340319295
0.43225,2.4495578706416814
0.4325,2.430777061137892
0.43275,2.4109299451940327
0.433,2.389022462206806
0.43325,2.3650605503650315
0.4335,2.3400501457193155
0.43375,2.3119971812524085
0.434,2.28190758595066
0.43425,2.247787283876415
0.4345,2.211642193241829
0.43475,2.172478225483976
0.435,2.1303012843415656
0.43525,2.0851172649333165
0.4355,2.03693205283827
0.43575,1.9857515231779526
0.436,1.931581539700844
0.43625,1.8764279538690123
0.4365,1.8182966039472865
0.43675,1.7581933140948949
0.437,1.696123893459978
0.43725,1.6340941352768121
0.4375,1.5711098159662518
0.43775,1.5071766942391231
0.438,1.4433005102030523
0.43825,1.379486984472791
0.4385,1.3167418172839462
0.43875,1.2540706876106738
0.439,1.1917792522870279
0.43925,1.131073145132571
0.4395,1.071457976081873
0.43975,1.0132393303185345
0.44,0.956422767413509
0.44025,0.9013438204680838
0.4405,0.8478179952614741
0.44075,0.7957407694033715
0.441,0.7450875914914079
0.44125,0.6958638802737557
0.4415,0.6478750238169529
0.44175,0.6012263786792079
0.442,0.555723269089051
0.44225,0.5113709861298341
0.4425,0.4680747869298131
0.44275,0.42573989385833094
0.443,0.38437149372783397
0.44325,0.3438747370022664
0.4435,0.30415473701153395
0.44375,0.2647165691725881
0.444,0.2268652702168873
0.44425,0.1892058374246397
0.4445,0.15174322786572603
0.44475,0.11548235764763136
0.445,0.07842810117032471
0.44525,0.04258529038832125
0.4455,0.0069587140799815955
0.44575,-0.02844688287577081
0.446,-0.06362680021528379
0.44625,-0.0985763829983687
0.4465,-0.13229102230880607
0.44675,-0.16576615594697952
0.447,-0.19799726911460314
0.44725,-0.22917989509136955
0.4475,-0.259509615903489
0.44775,-0.28868206298386456
0.448,-0.31649291782406314
0.44825,-0.3428379126176019
0.4485,-0.3675128308948713
0.44875,-0.39051350814920255
0.449,-0.41153583245433417
0.44925,-0.4304757450728165
0.4495,-0.4472292410556501
0.44975,-0.46143236983265035
0.45,-0.4731612357938718
0.45025,-0.4827319988615799
0.4505,-0.4908008750530639
0.45075,-0.4979641370338605
0.451,-0.5050181146616141
0.45125,-0.5124591955202028
0.4515,-0.5205838254442721
0.45175,-0.5313885090339618
0.452,-0.5438698101598007
0.45225,-0.5600243524576429
0.4525,-0.5808488198136441
0.45275,-0.6053399568391145
0.453,-0.6344945693352644
0.45325,-0.6683095247476463
0.4535,-0.7057817526103822
0.45375,-0.7469082449799712
0.454,-0.790686056858657
0.45425,-0.836112306607326
0.4545,-0.8841841763478149
0.45475,-0.9320989123545759
0.455,-0.9802538254356952
0.45525,-1.027246291303113
0.4555,-1.0729737509320822
0.45575,-1.1166937109096995
0.456,-1.1579237437726242
0.45625,-1.196241488333686
0.4565,-1.2319846499976552
0.45675,-1.2656510010657362
0.457,-1.2982383810291587
0.45725,-1.331244696851416
0.4575,-1.366467923239491
0.45775,-1.4067061029036494
0.458,-1.452557346806122
0.45825,-1.5060198343983373
0.4585,-1.5620918138469053
0.45875,-1.614771602248118
0.459,-1.6540575858310969
0.45925,-1.6659482201494593
0.4595,-1.637442030261534
0.45975,-1.5585376108990208
0.46,-1.4173336266241745
0.46025,-1.220528811975417
0.4605,-0.9854219716013722
0.46075,-0.7459119803833132
0.461,-0.5489977835460107
0.46125,-0.44367839675695
0.4615,-0.4579529062139007
0.46175,-0.5948204687208763
0.462,-0.8302803117524126
0.46225,-1.1163317335061707
0.4625,-1.398974102943895
0.46275,-1.6468068598206937
0.463,-1.8380295147026569
0.46325,-1.9634416489727526
0.4635,-2.025442914825121
0.46375,-2.0360330352476477
0.464,-2.0092118039929154
0.46425,-1.9649790855374618
0.4645,-1.9163348150294297
0.46475,-1.8742789982245591
0.465,-1.8448117114106106
0.46525,-1.8259331013200886
0.4655,-1.8156433850315141
0.46575,-1.810542849858989
0.466,-1.8086318532303547
0.46625,-1.808210822553698
0.4665,-1.8077802550724773
0.46675,-1.806340717709096
0.467,-1.803092846897072
0.46725,-1.7977373484017976
0.4675,-1.7903749971299125
0.46775,-1.781406636927345
0.468,-1.771163180366008
0.46825,-1.7592656085192941
0.4685,-1.7456749707262798
0.46875,-1.7304923843447824
0.469,-1.713709034493225
0.46925,-1.6954261737814682
0.4695,-1.6755451220305473
0.46975,-1.6553672659813907
0.47,-1.632794058992644
0.47025,-1.610827020727544
0.4705,-1.587467736829971
0.47075,-1.5647178585897072
0.471,-1.5415791025969567
0.47125,-1.5180532503861996
0.4715,-1.4961421480694506
0.47175,-1.4748477059589489
0.472,-1.455171898179363
0.47225,-1.4371167622696066
0.4725,-1.4216843987742807
0.47275,-1.407876970824843
0.473,-1.3966967037105884
0.47325,-1.3881458844394672
0.4735,-1.38122686128888
0.47375,-1.3779420433464424
0.474,-1.3772939000409115
0.47425,-1.3782849606632208
0.4745,-1.3829178138778278
0.47475,-1.3891951072243518
0.475,-1.398119546609693
0.47525,-1.4086938957906123
0.4755,-1.4199209758469444
0.47575,-1.4328036646454607
0.476,-1.4463448962945546
0.47625,-1.4605476605897898
0.4765,-1.4754150024503585
0.47675,-1.4889500213466778
0.477,-1.5031558707190809
0.47725,-1.5170357573878233
0.4775,-1.529492940954356
0.47775,-1.541030733194136
0.478,-1.551352497440942
0.47825,-1.5601616479629032
0.4785,-1.5672916493302165
0.47875,-1.5726560157747875
0.479,-1.5763483105418752
0.47925,-1.5783421452337456
0.4795,-1.5786411791456014
0.47975,-1.5772491185937525
0.48,-1.5743697162363184
0.48025,-1.5700067703862974
0.4805,-1.564064124317479
0.48075,-1.557045665562953
0.481,-1.54845532520667
0.48125,-1.5385970771678166
0.4815,-1.5274749374785146
0.48175,-1.515092963554618
0.482,-1.5024552534599536
0.48225,-1.4885659451639974
0.4825,-1.4734292157932511
0.48275,-1.4580492808762668
0.483,-1.4424303935825957
0.48325,-1.4265768439557034
0.4835,-1.4094929581400315
0.48375,-1.3921830976023073
0.484,-1.3736516583472032
0.48425,-1.355903070127546
0.4845,-1.3369417956491574
0.48475,-1.3187723297704934
0.485,-1.2993991986971398
0.48525,-1.2798269591714129
0.4855,-1.2590601976571254
0.48575,-1.2391035295196517
0.486,-1.216961598201465
0.48625,-1.1946390743932525
0.4865,-1.17114065520079
0.48675,-1.1474710633076501
0.487,-1.1206350461339656
0.48725,-1.0936373749912491
0.4875,-1.0643828442336511
0.48775,-1.0331762704055034
0.488,-0.9998224913855392
0.48825,-0.9642263655277481
0.4885,-0.9262927707992146
0.48875,-0.8863966039147693
0.489,-0.8446327794690147
0.48925,-0.801416229065427
0.4895,-0.7571819004430987
0.48975,-0.7127347566008722
0.49,-0.6683797749193605
0.49025,-0.6258219462807366
0.4905,-0.5851662741866317
0.49075,-0.5474177738741076
0.491,-0.5125814714300344
0.49125,-0.48266240290389223
0.4915,-0.45766561341915696
0.49175,-0.4365961562835184
0.492,-0.4204590920979238
0.49225,-0.40925948786475996
0.4925,-0.40200241609517384
0.49275,-0.39769295391576365
0.493,-0.3953361821748025
0.49325,-0.3954371845480843
0.4935,-0.3961010466445778
0.49375,-0.3969328551119987
0.494,-0.3971376967425768
0.49425,-0.39624065757891425
0.4945,-0.39378682202042214
0.49475,-0.38934127193009294
0.495,-0.3825890857421992
0.49525,-0.37383533757060433
0.4955,-0.36368509631827173
0.49575,-0.3529434247877015
0.496,-0.343215378792869
0.49625,-0.33470600627240565
0.4965,-0.33122034640451625
0.49675,-0.3327634287234881
0.497,-0.34434027223818536
0.49725,-0.3659558845525168
0.4975,-0.38261526098805076
0.49775,-0.38032338370900026
0.498,-0.34608522084962706
0.49825,-0.2719057256442634
0.4985,-0.1507898355600683
0.49875,0.020957528567288344
0.499,0.24523146339491944
0.49925,0.5171270839308633
0.4995,0.7959395243888442
0.49975,1.0296639390396316
0.5,1.1782955030587101
0.50025,1.2098294133703007
0.5005,1.1102608894874089
0.50075,0.914585174347879
0.501,0.66979753514626
0.50125,0.41989326416141654
0.5015,0.20426767957962824
0.50175,0.047716126313152724
0.502,-0.04456602318597247
0.50225,-0.07598336811690065
0.5025,-0.05654047852603977
0.50275,0.0017581054918408556
0.503,0.07790787458720577
0.50325,0.15490435094402136
0.5035,0.22574308906240304
0.50375,0.2854196765357204
0.504,0.3319297348218357
0.50425,0.36856892000853214
0.5045,0.39853292357281633
0.50475,0.42641747313411255
0.505,0.4531183332011442
0.50525,0.4796313059124292
0.5055,0.5065522317702564
0.50575,0.5343769903679524
0.506,0.5632015011103751
0.50625,0.593121723927609
0.5065,0.6239536599815166
0.50675,0.6558733523652515
0.507,0.6889168867954127
0.50725,0.7229803922969993
0.5075,0.7580200418807068
0.50775,0.7941320532127893
0.508,0.8310126892770553
0.50825,0.869058259029211
0.5085,0.9068651180431476
0.50875,0.9454296691493252
0.509,0.983748363064848
0.50925,1.021817699015499
0.5095,1.0596342253492417
0.50975,1.0961945401414055
0.51,1.1324952917912405
0.51025,1.1665331796098843
0.5105,1.1993049543995198
0.51075,1.2288074190237221
0.511,1.2570374289688675
0.51125,1.2809918928964872
0.5115,1.3036677731865383
0.51175,1.3220620864713855
0.512,1.338171904160561
0.51225,1.349994352956033
0.5125,1.3595266153581105
0.51275,1.3647659301616786
0.513,1.3677095929428278
0.51325,1.3663549565357735
0.5135,1.3626994314999537
0.51375,1.3567404865771844
0.514,1.3484756491389336
0.51425,1.3379025056235108
0.5145,1.3260187019631626
0.51475,1.312821944000956
0.515,1.2983099978974315
0.51525,1.283480690526909
0.5155,1.267331909863461
0.51575,1.2518616053563767
0.516,1.236067788295073
0.51625,1.2209485321635711
0.5165,1.2059019729841534
0.51675,1.191726309650487
0.517,1.178619804249836
0.51725,1.1665807823746388
0.5175,1.1556676334230698
0.51775,1.1458688108887858
0.518,1.1371528326396945
0.51825,1.1293682811856744
0.5185,1.1226438039353084
0.51875,1.11677811344147
0.519,1.1117699876357996
0.51925,1.1076182700519819
0.5195,1.1041218700378368
0.51975,1.1012797629561277
0.52,1.098990990374106
0.52025,1.0972546602417323
0.5205,1.095869947058552
0.52075,1.0947360920291525
0.521,1.0939524032073031
0.52125,1.0931182556285686
0.5215,1.0923330914315388
0.52175,1.0913964199675472
0.522,1.0905078178989254
0.52225,1.0894669292857073
0.5225,1.088273465660842
0.52275,1.0869272060938566
0.523,1.0853279972429657
0.52325,1.0835757533956059
0.5235,1.0815704564974535
0.52375,1.0795121561697647
0.524,1.0774009697152624
0.52425,1.0753370821123367
0.5245,1.0734207459977434
0.52475,1.071752281637638
0.525,1.0706320768871416
0.52525,1.0701605871381954
0.5255,1.070538335256018
0.52575,1.0720659115038684
0.526,1.0748439734563207
0.52625,1.079173245901032
0.5265,1.0851545207289508
0.52675,1.092878656813045
0.527,1.1023765798755931
0.52725,1.1134192823439222
0.5275,1.1259178231948002
0.52775,1.1392733277873754
0.528,1.1531869876847514
0.52825,1.1669600604641572
0.5285,1.1798938695158734
0.52875,1.1914898038307753
0.529,1.1997493177766974
0.52925,1.2046739308635228
0.5295,1.2052652274970632
0.52975,1.2015248567218666
0.53,1.1924545319528883
0.53025,1.1790560306960558
0.5305,1.1593311942578572
0.53075,1.1362819274439646
0.531,1.1079101982469273
0.53125,1.076218037522964
0.5315,1.0422075386579992
0.53175,1.00588085722284
0.532,0.9682402106177537
0.53225,0.9303878777063237
0.5325,0.8932261984387161
0.53275,0.8570575734644138
0.533,0.8222844637345492
0.53325,0.7890893900937314
0.5335,0.757704932861607
0.53375,0.728763731404119
0.534,0.7022984836945797
0.53425,0.6748419458646299
0.5345,0.6438969317451005
0.53475,0.6078663123969409
0.535,0.5660530156322008
0.53525,0.5184600255252462
0.5355,0.4666903819141519
0.53575,0.4116471798925006
0.536,0.35633356929155036
0.53625,0.31975275415296844
0.5365,0.32090799219204114
0.53675,0.3718025942517109
0.537,0.47843992374723165
0.53725,0.6388233961018429
0.5375,0.8439564781732003
0.53775,1.0768426876710344
0.538,1.3014855925658035
0.53825,1.4598888104887418
0.5385,1.5080560081230212
0.53875,1.4259909005865916
0.539,1.2236972508063357
0.53925,0.9471788688840845
0.5395,0.6484396114541177
0.53975,0.370483381032771
0.54,0.14301412535977204
0.54025,-0.02006416326815419
0.5405,-0.11264744867170245
0.54075,-0.14943165147098997
0.541,-0.14941264977521856
0.54125,-0.12858627987978333
0.5415,-0.09994833697083932
0.54175,-0.07349457583708849
0.542,-0.05622071158865484
0.54225,-0.04992242038307529
0.5425,-0.05559534015814415
0.54275,-0.06793507137160573
0.543,-0.08423717774741547
0.54325,-0.10239718702860787
0.5435,-0.12101059173657944
0.54375,-0.13877284993668024
0.544,-0.15531938600991224
0.54425,-0.1705155914307075
0.5445,-0.18480682555063627
0.54475,-0.19801841638788414
0.545,-0.210055661422355
0.54525,-0.22081382839631808
0.5455,-0.23038815612044475
0.54575,-0.2386738552851225
0.546,-0.24566610927687915
0.54625,-0.25176007499971176
0.5465,-0.25795088370143826
0.54675,-0.26223364180462977
0.547,-0.26660343174218104
0.54725,-0.27005531279725314
0.5475,-0.27358432194766436
0.54775,-0.2781854747142819
0.548,-0.28285376601354356
0.54825,-0.2885841710137795
0.5485,-0.2963716459954082
0.54875,-0.3052111292145656
0.549,-0.31609754177032157
0.54925,-0.32902578847508557
0.5495,-0.34399075872836066
0.54975,-0.36298732739334966
0.55,-0.3840103556764967
0.55025,-0.40805469200978767
0.5505,-0.43511517293563867
0.55075,-0.46618662399421446
0.551,-0.5012638606129893
0.55125,-0.5383416889985337
0.5515,-0.5784149070302651
0.55175,-0.6204783051560985
0.552,-0.6645266672896637
0.55225,-0.7105547717092207
0.5525,-0.7585573919579458
0.55275,-0.8065292977454273
0.553,-0.8564652558503092
0.55325,-0.9063600310238437
0.5535,-0.9562083868943497
0.55375,-1.0070050868721991
0.554,-1.0567448950554434
0.55425,-1.106422577135623
0.5545,-1.156032901304004
0.55475,-1.2045706391576736
0.555,-1.2520305666056573
0.55525,-1.2974074647747025
0.5555,-1.3417961209147904
0.55575,-1.3845913293039542
0.556,-1.4255878921525242
0.55625,-1.4650806205064009
0.5565,-1.5030643351494997
0.55675,-1.5396338675048535
0.557,-1.5748140605345817
0.55725,-1.6087297696382623
0.5575,-1.6414458635498723
0.55775,-1.6730672252328251
0.558,-1.7035887527732256
0.55825,-1.7331653602709596
0.5585,-1.7617919787287597
0.55875,-1.7896635569387513
0.559,-1.8167750623666405
0.55925,-1.8431214820331514
0.5595,-1.8689978233928115
0.55975,-1.8941991152096624
0.56,-1.9190204084300357
0.56025,-1.9433567770519513
0.5605,-1.9674033189912739
0.56075,-1.991255156944313
0.561,-2.014707439246761
0.56125,-2.0378553407287567
0.5615,-2.0605940635661866
0.56175,-2.082818838127715
0.562,-2.104524923817672
0.56225,-2.125507609914544
0.5625,-2.145662216404991
0.56275,-2.1649840948131702
0.563,-2.183198629025277
0.56325,-2.20022123610919
0.5635,-2.2158673671289733
0.56375,-2.229972507954293
0.564,-2.242342180064383
0.56425,-2.252771941346618
0.5645,-2.2611373868893647
0.56475,-2.2670341497692905
0.565,-2.270457901832578
0.56525,-2.2714043544702758
0.5655,-2.270769259387425
0.56575,-2.2671484093660412
0.566,-2.2642376390215473
0.56625,-2.260032825552804
0.5665,-2.2555298894854228
0.56675,-2.252724795408337
0.567,-2.251613552703491
0.56725,-2.2531922162684332
0.5675,-2.258456887231846
0.56775,-2.2674037136617615
0.568,-2.2810288912664296
0.56825,-2.299328664087625
0.5685,-2.3222993251863797
0.56875,-2.348937217320969
0.569,-2.3792387336170338
0.56925,-2.412200318229727
0.5695,-2.4478184669977945
0.56975,-2.4840897280894794
0.57,-2.5220107026400727
0.57025,-2.5585780453811315
0.5705,-2.593788465261083
0.57075,-2.626538726057303
0.571,-2.6574256469793793
0.57125,-2.6858461032636343
0.5715,-2.7118970267585976
0.57175,-2.7357754065015905
0.572,-2.7580782892860247
0.57225,-2.779402780219606
0.5725,-2.8009960432730905
0.57275,-2.8267053018197488
0.573,-2.859277839165209
0.57325,-2.8988609990677365
0.5735,-2.9433521862488274
0.57375,-2.98764886689401
0.574,-3.0235485691437747
0.57425,-3.035048883574565
0.5745,-3.0071474636696767
0.57475,-2.929642026280126
0.575,-2.796130352075238
0.57525,-2.6020102859829914
0.5755,-2.352479737620003
0.57575,-2.0995366817110654
0.576,-1.8951791584982336
0.57625,-1.7694052741392363
0.5765,-1.7532132010953492
0.57675,-1.866601178508456
0.577,-2.082567512567409
0.57725,-2.3541105768634782
0.5775,-2.6272288127349426
0.57775,-2.8649207296006387
0.578,-3.0431849052825535
0.57825,-3.155019986317295
0.5785,-3.2024246882563885
0.57875,-3.1953977959554187
0.579,-3.1549381638518903
0.57925,-3.099044716231789
0.5795,-3.041716447484783
0.57975,-2.9913524223480703
0.58,-2.9528517761386923
0.58025,-2.926313714974437
0.5805,-2.907607515983186
0.58075,-2.892822527500678
0.581,-2.8801681692566787
0.58125,-2.8682739325495
0.5815,-2.855939380408868
0.58175,-2.842364147747015
0.582,-2.8270479414981278
0.58225,-2.809790540745925
0.5825,-2.7907917968395153
0.58275,-2.7703516334974103
0.583,-2.7480700468996875
0.58325,-2.7241471057682953
0.5835,-2.698782951435503
0.58375,-2.6709777979004006
0.584,-2.6417319318735095
0.58425,-2.611045712809514
0.5845,-2.578919572927995
0.58475,-2.5463540172222126
0.585,-2.5123496234559908
0.58525,-2.4779070421486042
0.5855,-2.4430269965477134
0.58575,-2.4077102825903425
0.586,-2.3729577688518795
0.58625,-2.338770396483132
0.5865,-2.305149179135454
0.58675,-2.2730952028738356
0.587,-2.24360962607817
0.58725,-2.2146936793324903
0.5875,-2.1893486653023837
0.58775,-2.1655759586004093
0.588,-2.1433770056396857
0.58825,-2.124753324475596
0.5885,-2.10870650463569
0.58875,-2.0952382069376476
0.589,-2.08435016329556
0.58925,-2.0760441765143764
0.5895,-2.0703221200726123
0.58975,-2.0671859378933406
0.59,-2.0646376441035015
0.59025,-2.06367932278153
0.5905,-2.063313127693442
0.59075,-2.0645412820172355
0.591,-2.065366078055841
0.59125,-2.0667898769384982
0.5915,-2.0668151083107986
0.59175,-2.0674442700131244
0.592,-2.067679927747897
0.59225,-2.0665247147354413
0.5925,-2.0639813313585837
0.59275,-2.0610525447960244
0.593,-2.0557411886445887
0.59325,-2.049050162530345
0.5935,-2.03998243170871
0.59375,-2.0295410266535265
0.594,-2.0173290426352297
0.59425,-2.003149639288181
0.5945,-1.9874060401672042
0.59475,-1.9700015322933697
0.595,-1.9510394656890873
0.59525,-1.9306232529027054
0.5955,-1.9088563685224869
0.59575,-1.8857423486802742
0.596,-1.861384790544613
0.59625,-1.8358873518037218
0.5965,-1.8092537501381971
0.59675,-1.7817877626836558
0.597,-1.7532932254831524
0.59725,-1.7241740329298532
0.5975,-1.6942341371996679
0.59775,-1.6637775476742263
0.598,-1.632708330353973
0.59825,-1.6011306072618356
0.5985,-1.5689485558372247
0.59875,-1.5363664083207815
0.599,-1.5033884511295514
0.59925,-1.4698190242231588
0.5995,-1.43586252046067
0.59975,-1.4014233849485926
0.6,-1.3663061143797406
0.60025,-1.33041525636342
0.6005,-1.2937554087468242
0.60075,-1.2562312189278477
0.601,-1.2174473831592794
0.60125,-1.1774086458447552
0.6015,-1.1357197988262426
0.60175,-1.0923856806634968
0.602,-1.0469111759052945
0.60225,-0.9994012143528417
0.6025,-0.9496607703151981
0.60275,-0.8973948618571949
0.603,-0.8428085500394399
0.60325,-0.7860069381511011
0.6035,-0.7279951709351934
0.60375,-0.6677784338066433
0.604,-0.6073619520632086
0.60425,-0.5467509900894313
0.6045,-0.4869508505536766
0.60475,-0.4279668735985267
0.605,-0.3728044360243841
0.60525,-0.3204689504666897
0.6055,-0.271965864566773
0.60575,-0.2283006601365209
0.606,-0.18947885231677236
0.60625,-0.15450598872993326
0.6065,-0.12438764862663648
0.60675,-0.09912944202684093
0.607,-0.07673700885517709
0.60725,-0.05721601807101051
0.6075,-0.039572166793157365
0.60775,-0.022811179419571753
0.608,-0.006938806741776049
0.60825,0.010039174945345203
0.6085,0.028116964738600897
0.60875,0.04828873802601519
0.609,0.07054864739097734
0.60925,0.09549082352052933
0.6095,0.12200937611789471
0.60975,0.15019839481892605
0.61,0.1790519501125539
0.61025,0.20796409426482684
0.6105,0.23472886224659273
0.61075,0.25556027266452097
0.611,0.2687923286955715
0.61125,0.2753790190243792
0.6115,0.2786943187837251
0.61175,0.2855321904978152
0.612,0.3093865850282782
0.61225,0.3652514425226092
0.6125,0.46452069336501645
0.61275,0.6173882591294795
0.613,0.8318480535349261
0.61325,1.1046939834023004
0.6135,1.398519949613326
0.61375,1.6743198480709247
0.614,1.8920875706611744
0.61425,2.0128170062164656
0.6145,2.003502041479779
0.61475,1.8681365620700339
0.615,1.6617144534483015
0.61525,1.4312296018845763
0.6155,1.21667589542523
0.61575,1.0461472248606185
0.616,0.9393374846932079
0.61625,0.8985405741054708
0.6165,0.9146503979279401
0.61675,0.9726608676066979
0.617,1.0595659021708872
0.61725,1.1593594291992482
0.6175,1.2547353857862278
0.61775,1.3382877195070035
0.618,1.4100103893817277
0.61825,1.4711973668383171
0.6185,1.5242426366741533
0.61875,1.5724401980160556
0.619,1.619284065278839
0.61925,1.6656682691219147
0.6195,1.7121868574040129
0.61975,1.759233896135672
0.62,1.8073034704297088
0.62025,1.8562896854490176
0.6205,1.9063866673519423
0.62075,1.9573885642348652
0.621,2.0097895470720033
0.62125,2.0629838106520757
0.6215,2.1169655745118634
0.62175,2.17272908386638
0.622,2.228268610535655
0.62225,2.285578453867799
0.6225,2.3426529416583666
0.62275,2.400486431065656
0.623,2.4580733095221228
0.62325,2.516407995641447
0.6235,2.5744849401212533
0.62375,2.6312986266412537
0.624,2.6868435727569113
0.62425,2.742114330788083
0.6245,2.7951054887028177
0.62475,2.8458116709960346
0.625,2.894227539563005
0.62525,2.9393477945673907
0.6255,2.982167175303766
0.62575,3.022680461054536
0.626,3.0588824719409526
0.62625,3.092768069768298
0.6265,3.1233321588649257
0.62675,3.1495696869151173
0.627,3.173475645785487
0.62725,3.1940450723450833
0.6275,3.211273049278722
0.62775,3.2261547058935935
0.628,3.237685218919008
0.62825,3.247859813299147
0.6285,3.256673762978609
0.62875,3.263122391680727
0.629,3.269201073678443
0.62925,3.273905234557685
0.6295,3.278230351973126
0.62975,3.2821719563960685
0.63,3.285725631854471
0.63025,3.2898870166650007
0.6305,3.2936518041569136
0.63075,3.299015743387626
0.631,3.3039746398499332
0.63125,3.310524356170804
0.6315,3.3186608128014514
0.63175,3.326379988698745
0.632,3.3360779219977417
0.63225,3.346450710675353
0.6325,3.3576945132048395
0.63275,3.3697055492012535
0.633,3.3823801000574485
0.63325,3.39581450957093
0.6335,3.409705184561023
0.63375,3.4241485954765714
0.634,3.438941276993854
0.63425,3.454179828604886
0.6345,3.4695609151956006
0.63475,3.485181267614264
0.635,3.500847683229653
0.63525,3.516507026479209
0.6355,3.5320562294067988
0.63575,3.5473922921902115
0.636,3.562531283658175
0.63625,3.577462341796879
0.6365,3.5921176742458876
0.63675,3.606457558783283
0.637,3.62045534380014
0.63725,3.6341234487640857
0.6375,3.64747836467192
0.63775,3.660575654491285
0.638,3.673481953591133
0.63825,3.686289970161162
0.6385,3.699113485619968
0.63875,3.712093355011861
0.639,3.725387507392372
0.63925,3.7391439462022946
0.6395,3.7536807496302482
0.63975,3.769106070963635
0.64,3.7845181389280587
